{
    "0": {
        "alpha": 0.9360665887919206,
        "d2init": [
            0.0
        ],
        "epoch_count": 0,
        "grad_norm": [
            3.723433017730713
        ],
        "learning_rate": 0.2,
        "mini_batch_loss": 1.1363791227340698,
        "params": [
            [
                1.0,
                1.0
            ]
        ],
        "test_accuracy": 0.0,
        "test_loss": 1.1363791227340698,
        "time": 1606138247.8105714,
        "train_accuracy": 0.0,
        "train_loss": 1.1363791227340698,
        "update_size": [
            0.7446866035461426
        ],
        "valid_accuracy": 0.0,
        "valid_loss": 1.1363791227340698
    },
    "1": {
        "alpha": 0.9478815778539986,
        "d2init": [
            0.7446866035461426
        ],
        "epoch_count": 1,
        "grad_norm": [
            3.7115108966827393
        ],
        "learning_rate": 0.2,
        "mini_batch_loss": 1.0477421283721924,
        "params": [
            [
                1.247724175453186,
                0.29772448539733887
            ]
        ],
        "test_accuracy": 0.0,
        "test_loss": 1.0477421283721924,
        "time": 1606138247.837277,
        "train_accuracy": 0.0,
        "train_loss": 1.0477421283721924,
        "update_size": [
            0.7423021793365479
        ],
        "valid_accuracy": 0.0,
        "valid_loss": 1.0477421283721924
    },
    "2": {
        "alpha": 0.9575629838239688,
        "d2init": [
            0.2595444917678833
        ],
        "epoch_count": 2,
        "grad_norm": [
            3.7018277645111084
        ],
        "learning_rate": 0.2,
        "mini_batch_loss": 0.975947380065918,
        "params": [
            [
                0.775227963924408,
                0.8702276349067688
            ]
        ],
        "test_accuracy": 0.0,
        "test_loss": 0.975947380065918,
        "time": 1606138247.8503437,
        "train_accuracy": 0.0,
        "train_loss": 0.975947380065918,
        "update_size": [
            0.7403655648231506
        ],
        "valid_accuracy": 0.0,
        "valid_loss": 0.975947380065918
    },
    "3": {
        "alpha": 0.9654784940404764,
        "d2init": [
            0.8203298449516296
        ],
        "epoch_count": 3,
        "grad_norm": [
            3.6939644813537598
        ],
        "learning_rate": 0.2,
        "mini_batch_loss": 0.9177936911582947,
        "params": [
            [
                1.0454291105270386,
                0.1809290498495102
            ]
        ],
        "test_accuracy": 0.0,
        "test_loss": 0.9177936911582947,
        "time": 1606138247.858616,
        "train_accuracy": 0.0,
        "train_loss": 0.9177936911582947,
        "update_size": [
            0.738792896270752
        ],
        "valid_accuracy": 0.0,
        "valid_loss": 0.9177936911582947
    },
    "4": {
        "alpha": 0.9719417835317279,
        "d2init": [
            0.4697759449481964
        ],
        "epoch_count": 4,
        "grad_norm": [
            3.687582492828369
        ],
        "learning_rate": 0.2,
        "mini_batch_loss": 0.8706878423690796,
        "params": [
            [
                0.5931621789932251,
                0.7651118636131287
            ]
        ],
        "test_accuracy": 0.0,
        "test_loss": 0.8706878423690796,
        "time": 1606138247.86599,
        "train_accuracy": 0.0,
        "train_loss": 0.8706878423690796,
        "update_size": [
            0.7375165224075317
        ],
        "valid_accuracy": 0.0,
        "valid_loss": 0.8706878423690796
    },
    "5": {
        "alpha": 0.9772084801684646,
        "d2init": [
            0.9213184118270874
        ],
        "epoch_count": 5,
        "grad_norm": [
            3.682406187057495
        ],
        "learning_rate": 0.2,
        "mini_batch_loss": 0.832533597946167,
        "params": [
            [
                0.8815699815750122,
                0.08632504940032959
            ]
        ],
        "test_accuracy": 0.0,
        "test_loss": 0.832533597946167,
        "time": 1606138247.873729,
        "train_accuracy": 0.0,
        "train_loss": 0.832533597946167,
        "update_size": [
            0.736481249332428
        ],
        "valid_accuracy": 0.0,
        "valid_loss": 0.832533597946167
    },
    "6": {
        "alpha": 0.9814970917919592,
        "d2init": [
            0.6400634050369263
        ],
        "epoch_count": 6,
        "grad_norm": [
            3.678208589553833
        ],
        "learning_rate": 0.2,
        "mini_batch_loss": 0.8016279935836792,
        "params": [
            [
                0.4456888735294342,
                0.6799682974815369
            ]
        ],
        "test_accuracy": 0.0,
        "test_loss": 0.8016279935836792,
        "time": 1606138247.8814106,
        "train_accuracy": 0.0,
        "train_loss": 0.8016279935836792,
        "update_size": [
            0.7356416583061218
        ],
        "valid_accuracy": 0.0,
        "valid_loss": 0.8016279935836792
    },
    "7": {
        "alpha": 0.9849840944028532,
        "d2init": [
            1.0216566324234009
        ],
        "epoch_count": 7,
        "grad_norm": [
            3.6748039722442627
        ],
        "learning_rate": 0.2,
        "mini_batch_loss": 0.7765949964523315,
        "params": [
            [
                0.7488441467285156,
                0.00969550758600235
            ]
        ],
        "test_accuracy": 0.0,
        "test_loss": 0.7765949964523315,
        "time": 1606138247.8885536,
        "train_accuracy": 0.0,
        "train_loss": 0.7765949964523315,
        "update_size": [
            0.7349607944488525
        ],
        "valid_accuracy": 0.0,
        "valid_loss": 0.7765949964523315
    },
    "8": {
        "alpha": 0.9878191147926394,
        "d2init": [
            0.7779963612556458
        ],
        "epoch_count": 8,
        "grad_norm": [
            3.6720430850982666
        ],
        "learning_rate": 0.2,
        "mini_batch_loss": 0.7563173174858093,
        "params": [
            [
                0.3262353837490082,
                0.6110017895698547
            ]
        ],
        "test_accuracy": 0.0,
        "test_loss": 0.7563173174858093,
        "time": 1606138247.8958564,
        "train_accuracy": 0.0,
        "train_loss": 0.7563173174858093,
        "update_size": [
            0.7344086170196533
        ],
        "valid_accuracy": 0.0,
        "valid_loss": 0.7563173174858093
    },
    "9": {
        "alpha": 0.9901218680922819,
        "d2init": [
            1.111814260482788
        ],
        "epoch_count": 9,
        "grad_norm": [
            3.6698062419891357
        ],
        "learning_rate": 0.2,
        "mini_batch_loss": 0.7398927807807922,
        "params": [
            [
                0.6413360238075256,
                -0.05237412080168724
            ]
        ],
        "test_accuracy": 0.0,
        "test_loss": 0.7398927807807922,
        "time": 1606138247.9035714,
        "train_accuracy": 0.0,
        "train_loss": 0.7398927807807922,
        "update_size": [
            0.733961284160614
        ],
        "valid_accuracy": 0.0,
        "valid_loss": 0.7398927807807922
    },
    "10": {
        "alpha": 0.9919903949684101,
        "d2init": [
            0.8897217512130737
        ],
        "epoch_count": 10,
        "grad_norm": [
            3.6679935455322266
        ],
        "learning_rate": 0.2,
        "mini_batch_loss": 0.7265894412994385,
        "params": [
            [
                0.2294783592224121,
                0.5551391839981079
            ]
        ],
        "test_accuracy": 0.0,
        "test_loss": 0.7265894412994385,
        "time": 1606138247.9125853,
        "train_accuracy": 0.0,
        "train_loss": 0.7265894412994385,
        "update_size": [
            0.7335986495018005
        ],
        "valid_accuracy": 0.0,
        "valid_loss": 0.7265894412994385
    },
    "11": {
        "alpha": 0.9935076864600234,
        "d2init": [
            1.1893389225006104
        ],
        "epoch_count": 11,
        "grad_norm": [
            3.6665244102478027
        ],
        "learning_rate": 0.2,
        "mini_batch_loss": 0.7158130407333374,
        "params": [
            [
                0.5542547702789307,
                -0.10265053063631058
            ]
        ],
        "test_accuracy": 0.0,
        "test_loss": 0.7158130407333374,
        "time": 1606138247.9202464,
        "train_accuracy": 0.0,
        "train_loss": 0.7158130407333374,
        "update_size": [
            0.7333048582077026
        ],
        "valid_accuracy": 0.0,
        "valid_loss": 0.7158130407333374
    },
    "12": {
        "alpha": 0.9947379859757253,
        "d2init": [
            0.9802191257476807
        ],
        "epoch_count": 12,
        "grad_norm": [
            3.6653361320495605
        ],
        "learning_rate": 0.2,
        "mini_batch_loss": 0.7070850729942322,
        "params": [
            [
                0.15110529959201813,
                0.5098905563354492
            ]
        ],
        "test_accuracy": 0.0,
        "test_loss": 0.7070850729942322,
        "time": 1606138247.9274065,
        "train_accuracy": 0.0,
        "train_loss": 0.7070850729942322,
        "update_size": [
            0.7330672144889832
        ],
        "valid_accuracy": 0.0,
        "valid_loss": 0.7070850729942322
    },
    "13": {
        "alpha": 0.9957348644879926,
        "d2init": [
            1.2545324563980103
        ],
        "epoch_count": 13,
        "grad_norm": [
            3.664372682571411
        ],
        "learning_rate": 0.2,
        "mini_batch_loss": 0.7000159025192261,
        "params": [
            [
                0.48371919989585876,
                -0.1433747410774231
            ]
        ],
        "test_accuracy": 0.0,
        "test_loss": 0.7000159025192261,
        "time": 1606138247.9356143,
        "train_accuracy": 0.0,
        "train_loss": 0.7000159025192261,
        "update_size": [
            0.7328746318817139
        ],
        "valid_accuracy": 0.0,
        "valid_loss": 0.7000159025192261
    },
    "14": {
        "alpha": 0.9965437234019885,
        "d2init": [
            1.0535224676132202
        ],
        "epoch_count": 14,
        "grad_norm": [
            3.663591146469116
        ],
        "learning_rate": 0.2,
        "mini_batch_loss": 0.6942888498306274,
        "params": [
            [
                0.08762258291244507,
                0.47323909401893616
            ]
        ],
        "test_accuracy": 0.0,
        "test_loss": 0.6942888498306274,
        "time": 1606138247.942726,
        "train_accuracy": 0.0,
        "train_loss": 0.6942888498306274,
        "update_size": [
            0.7327182292938232
        ],
        "valid_accuracy": 0.0,
        "valid_loss": 0.6942888498306274
    },
    "15": {
        "alpha": 0.9971999418740536,
        "d2init": [
            1.3086750507354736
        ],
        "epoch_count": 15,
        "grad_norm": [
            3.6629583835601807
        ],
        "learning_rate": 0.2,
        "mini_batch_loss": 0.6896499395370483,
        "params": [
            [
                0.426584929227829,
                -0.17636118829250336
            ]
        ],
        "test_accuracy": 0.0,
        "test_loss": 0.6896499395370483,
        "time": 1606138247.9498534,
        "train_accuracy": 0.0,
        "train_loss": 0.6896499395370483,
        "update_size": [
            0.7325916886329651
        ],
        "valid_accuracy": 0.0,
        "valid_loss": 0.6896499395370483
    },
    "16": {
        "alpha": 0.9977315975990375,
        "d2init": [
            1.1128978729248047
        ],
        "epoch_count": 16,
        "grad_norm": [
            3.662447452545166
        ],
        "learning_rate": 0.2,
        "mini_batch_loss": 0.6858931183815002,
        "params": [
            [
                0.03620191663503647,
                0.4435514807701111
            ]
        ],
        "test_accuracy": 0.0,
        "test_loss": 0.6858931183815002,
        "time": 1606138247.9571166,
        "train_accuracy": 0.0,
        "train_loss": 0.6858931183815002,
        "update_size": [
            0.7324895262718201
        ],
        "valid_accuracy": 0.0,
        "valid_loss": 0.6858931183815002
    },
    "17": {
        "alpha": 0.998161217939574,
        "d2init": [
            1.35330069065094
        ],
        "epoch_count": 17,
        "grad_norm": [
            3.662032127380371
        ],
        "learning_rate": 0.2,
        "mini_batch_loss": 0.6828504800796509,
        "params": [
            [
                0.3803064823150635,
                -0.20308049023151398
            ]
        ],
        "test_accuracy": 0.0,
        "test_loss": 0.6828504800796509,
        "time": 1606138247.9661558,
        "train_accuracy": 0.0,
        "train_loss": 0.6828504800796509,
        "update_size": [
            0.7324064373970032
        ],
        "valid_accuracy": 0.0,
        "valid_loss": 0.6828504800796509
    },
    "18": {
        "alpha": 0.9985110201761331,
        "d2init": [
            1.1609920263290405
        ],
        "epoch_count": 18,
        "grad_norm": [
            3.6616950035095215
        ],
        "learning_rate": 0.2,
        "mini_batch_loss": 0.6803845167160034,
        "params": [
            [
                -0.00544887175783515,
                0.41950443387031555
            ]
        ],
        "test_accuracy": 0.0,
        "test_loss": 0.6803845167160034,
        "time": 1606138247.976354,
        "train_accuracy": 0.0,
        "train_loss": 0.6803845167160034,
        "update_size": [
            0.7323389649391174
        ],
        "valid_accuracy": 0.0,
        "valid_loss": 0.6803845167160034
    },
    "19": {
        "d2init": [
            1.389902949333191
        ],
        "epoch_count": 19,
        "grad_norm": [
            3.661423444747925
        ],
        "learning_rate": 0.2,
        "mini_batch_loss": 0.6783879995346069,
        "params": [
            [
                0.3428207337856293,
                -0.22472278773784637
            ]
        ],
        "test_accuracy": 0.0,
        "test_loss": 0.6783879995346069,
        "time": 1606138247.9818873,
        "train_accuracy": 0.0,
        "train_loss": 0.6783879995346069,
        "valid_accuracy": 0.0,
        "valid_loss": 0.6783879995346069
    },
    "20": {
        "epoch_count": 20,
        "learning_rate": 0.2,
        "test_accuracy": 0.0,
        "test_loss": 0.6767711043357849,
        "train_accuracy": 0.0,
        "train_loss": 0.6767711043357849,
        "valid_accuracy": 0.0,
        "valid_loss": 0.6767711043357849
    }
}