{
    "0": {
        "alpha": -0.9303014743374162,
        "d2init": [
            0.0
        ],
        "epoch_count": 0,
        "grad_norm": [
            3.723433017730713
        ],
        "learning_rate": 0.0072,
        "mini_batch_loss": 1.1363791227340698,
        "params": [
            [
                1.0,
                1.0
            ]
        ],
        "test_accuracy": 0.0,
        "test_loss": 1.1363791227340698,
        "time": 1606138247.9945612,
        "train_accuracy": 0.0,
        "train_loss": 1.1363791227340698,
        "update_size": [
            0.02680869959294796
        ],
        "valid_accuracy": 0.0,
        "valid_loss": 1.1363791227340698
    },
    "1": {
        "alpha": -0.9396567707543031,
        "d2init": [
            0.02680869959294796
        ],
        "epoch_count": 1,
        "grad_norm": [
            3.4642221927642822
        ],
        "learning_rate": 0.006264,
        "mini_batch_loss": 1.0400372743606567,
        "params": [
            [
                1.008918046951294,
                0.9747180938720703
            ]
        ],
        "test_accuracy": 0.0,
        "test_loss": 1.0400372743606567,
        "time": 1606138248.0007615,
        "train_accuracy": 0.0,
        "train_loss": 1.0400372743606567,
        "update_size": [
            0.02169989049434662
        ],
        "valid_accuracy": 0.0,
        "valid_loss": 1.0400372743606567
    },
    "2": {
        "alpha": -0.947751556760455,
        "d2init": [
            0.04850753769278526
        ],
        "epoch_count": 2,
        "grad_norm": [
            3.255420684814453
        ],
        "learning_rate": 0.00544968,
        "mini_batch_loss": 0.9671323299407959,
        "params": [
            [
                1.0158647298812866,
                0.9541601538658142
            ]
        ],
        "test_accuracy": 0.0,
        "test_loss": 0.9671323299407959,
        "time": 1606138248.0096524,
        "train_accuracy": 0.0,
        "train_loss": 0.9671323299407959,
        "update_size": [
            0.017741018906235695
        ],
        "valid_accuracy": 0.0,
        "valid_loss": 0.9671323299407959
    },
    "3": {
        "alpha": -0.9547535570105332,
        "d2init": [
            0.06624608486890793
        ],
        "epoch_count": 3,
        "grad_norm": [
            3.085521697998047
        ],
        "learning_rate": 0.0047412216,
        "mini_batch_loss": 0.9108865261077881,
        "params": [
            [
                1.0213385820388794,
                0.9372847080230713
            ]
        ],
        "test_accuracy": 0.0,
        "test_loss": 0.9108865261077881,
        "time": 1606138248.0160542,
        "train_accuracy": 0.0,
        "train_loss": 0.9108865261077881,
        "update_size": [
            0.014629136770963669
        ],
        "valid_accuracy": 0.0,
        "valid_loss": 0.9108865261077881
    },
    "4": {
        "alpha": -0.960808084313827,
        "d2init": [
            0.0808713436126709
        ],
        "epoch_count": 4,
        "grad_norm": [
            2.946061611175537
        ],
        "learning_rate": 0.004124862791999999,
        "mini_batch_loss": 0.8667692542076111,
        "params": [
            [
                1.025697112083435,
                0.923319935798645
            ]
        ],
        "test_accuracy": 0.0,
        "test_loss": 0.8667692542076111,
        "time": 1606138248.0214257,
        "train_accuracy": 0.0,
        "train_loss": 0.8667692542076111,
        "update_size": [
            0.01215213444083929
        ],
        "valid_accuracy": 0.0,
        "valid_loss": 0.8667692542076111
    },
    "5": {
        "alpha": -0.9660443245053183,
        "d2init": [
            0.09301842749118805
        ],
        "epoch_count": 5,
        "grad_norm": [
            2.830718994140625
        ],
        "learning_rate": 0.00358863062904,
        "mini_batch_loss": 0.8316696882247925,
        "params": [
            [
                1.0292004346847534,
                0.9116837382316589
            ]
        ],
        "test_accuracy": 0.0,
        "test_loss": 0.8316696882247925,
        "time": 1606138248.0278041,
        "train_accuracy": 0.0,
        "train_loss": 0.8316696882247925,
        "update_size": [
            0.010158391669392586
        ],
        "valid_accuracy": 0.0,
        "valid_loss": 0.8316696882247925
    },
    "6": {
        "alpha": -0.9705720577090691,
        "d2init": [
            0.10317089408636093
        ],
        "epoch_count": 6,
        "grad_norm": [
            2.734689950942993
        ],
        "learning_rate": 0.0031221086472648,
        "mini_batch_loss": 0.8034024238586426,
        "params": [
            [
                1.0320403575897217,
                0.9019303917884827
            ]
        ],
        "test_accuracy": 0.0,
        "test_loss": 0.8034024238586426,
        "time": 1606138248.0335126,
        "train_accuracy": 0.0,
        "train_loss": 0.8034024238586426,
        "update_size": [
            0.008537966758012772
        ],
        "valid_accuracy": 0.0,
        "valid_loss": 0.8034024238586426
    },
    "7": {
        "alpha": -0.9744884316000022,
        "d2init": [
            0.11170236021280289
        ],
        "epoch_count": 7,
        "grad_norm": [
            2.654283285140991
        ],
        "learning_rate": 0.0027162345231203757,
        "mini_batch_loss": 0.7803972959518433,
        "params": [
            [
                1.0343602895736694,
                0.893713653087616
            ]
        ],
        "test_accuracy": 0.0,
        "test_loss": 0.7803972959518433,
        "time": 1606138248.0389793,
        "train_accuracy": 0.0,
        "train_loss": 0.7803972959518433,
        "update_size": [
            0.0072096348740160465
        ],
        "valid_accuracy": 0.0,
        "valid_loss": 0.7803972959518433
    },
    "8": {
        "alpha": -0.9778768358353458,
        "d2init": [
            0.118905209004879
        ],
        "epoch_count": 8,
        "grad_norm": [
            2.5866219997406006
        ],
        "learning_rate": 0.002363124035114727,
        "mini_batch_loss": 0.7615050077438354,
        "params": [
            [
                1.036268711090088,
                0.8867611885070801
            ]
        ],
        "test_accuracy": 0.0,
        "test_loss": 0.7615050077438354,
        "time": 1606138248.0444818,
        "train_accuracy": 0.0,
        "train_loss": 0.7615050077438354,
        "update_size": [
            0.006112523376941681
        ],
        "valid_accuracy": 0.0,
        "valid_loss": 0.7615050077438354
    },
    "9": {
        "alpha": -0.9808097469755626,
        "d2init": [
            0.1250108778476715
        ],
        "epoch_count": 9,
        "grad_norm": [
            2.5294389724731445
        ],
        "learning_rate": 0.0020559179105498126,
        "mini_batch_loss": 0.7458691000938416,
        "params": [
            [
                1.0378484725952148,
                0.8808563351631165
            ]
        ],
        "test_accuracy": 0.0,
        "test_loss": 0.7458691000938416,
        "time": 1606138248.0500007,
        "train_accuracy": 0.0,
        "train_loss": 0.7458691000938416,
        "update_size": [
            0.0052003259770572186
        ],
        "valid_accuracy": 0.0,
        "valid_loss": 0.7458691000938416
    },
    "10": {
        "alpha": -0.9833485828694083,
        "d2init": [
            0.1302044838666916
        ],
        "epoch_count": 10,
        "grad_norm": [
            2.4809319972991943
        ],
        "learning_rate": 0.001788648582178337,
        "mini_batch_loss": 0.7328413724899292,
        "params": [
            [
                1.039163589477539,
                0.875825047492981
            ]
        ],
        "test_accuracy": 0.0,
        "test_loss": 0.7328413724899292,
        "time": 1606138248.0560277,
        "train_accuracy": 0.0,
        "train_loss": 0.7328413724899292,
        "update_size": [
            0.004437531344592571
        ],
        "valid_accuracy": 0.0,
        "valid_loss": 0.7328413724899292
    },
    "11": {
        "alpha": -0.9855479743487301,
        "d2init": [
            0.1346355378627777
        ],
        "epoch_count": 11,
        "grad_norm": [
            2.4396450519561768
        ],
        "learning_rate": 0.0015561242664951529,
        "mini_batch_loss": 0.721923828125,
        "params": [
            [
                1.0402640104293823,
                0.8715261220932007
            ]
        ],
        "test_accuracy": 0.0,
        "test_loss": 0.721923828125,
        "time": 1606138248.0623639,
        "train_accuracy": 0.0,
        "train_loss": 0.721923828125,
        "update_size": [
            0.003796416101977229
        ],
        "valid_accuracy": 0.0,
        "valid_loss": 0.721923828125
    },
    "12": {
        "alpha": -0.9874539046892462,
        "d2init": [
            0.1384258270263672
        ],
        "epoch_count": 12,
        "grad_norm": [
            2.4044063091278076
        ],
        "learning_rate": 0.001353828111850783,
        "mini_batch_loss": 0.7127289772033691,
        "params": [
            [
                1.0411889553070068,
                0.8678441047668457
            ]
        ],
        "test_accuracy": 0.0,
        "test_loss": 0.7127289772033691,
        "time": 1606138248.0677977,
        "train_accuracy": 0.0,
        "train_loss": 0.7127289772033691,
        "update_size": [
            0.003255155635997653
        ],
        "valid_accuracy": 0.0,
        "valid_loss": 0.7127289772033691
    },
    "13": {
        "alpha": -0.9891056194578186,
        "d2init": [
            0.14167527854442596
        ],
        "epoch_count": 13,
        "grad_norm": [
            2.374253988265991
        ],
        "learning_rate": 0.0011778304573101812,
        "mini_batch_loss": 0.704951286315918,
        "params": [
            [
                1.0419695377349854,
                0.8646839261054993
            ]
        ],
        "test_accuracy": 0.0,
        "test_loss": 0.704951286315918,
        "time": 1606138248.0732565,
        "train_accuracy": 0.0,
        "train_loss": 0.704951286315918,
        "update_size": [
            0.002796472515910864
        ],
        "valid_accuracy": 0.0,
        "valid_loss": 0.704951286315918
    },
    "14": {
        "alpha": -0.9905380774894307,
        "d2init": [
            0.14446645975112915
        ],
        "epoch_count": 14,
        "grad_norm": [
            2.3483994007110596
        ],
        "learning_rate": 0.0010247124978598578,
        "mini_batch_loss": 0.6983479261398315,
        "params": [
            [
                1.042630672454834,
                0.8619667291641235
            ]
        ],
        "test_accuracy": 0.0,
        "test_loss": 0.6983479261398315,
        "time": 1606138248.0788841,
        "train_accuracy": 0.0,
        "train_loss": 0.6983479261398315,
        "update_size": [
            0.002406463259831071
        ],
        "valid_accuracy": 0.0,
        "valid_loss": 0.6983479261398315
    },
    "15": {
        "alpha": -0.991780652873973,
        "d2init": [
            0.14686809480190277
        ],
        "epoch_count": 15,
        "grad_norm": [
            2.3261876106262207
        ],
        "learning_rate": 0.0008914998731380762,
        "mini_batch_loss": 0.692723274230957,
        "params": [
            [
                1.0431925058364868,
                0.8596267700195312
            ]
        ],
        "test_accuracy": 0.0,
        "test_loss": 0.692723274230957,
        "time": 1606138248.084664,
        "train_accuracy": 0.0,
        "train_loss": 0.692723274230957,
        "update_size": [
            0.002073812298476696
        ],
        "valid_accuracy": 0.0,
        "valid_loss": 0.692723274230957
    },
    "16": {
        "alpha": -0.9928585217403694,
        "d2init": [
            0.14893750846385956
        ],
        "epoch_count": 16,
        "grad_norm": [
            2.3070743083953857
        ],
        "learning_rate": 0.0007756048896301263,
        "mini_batch_loss": 0.6879190802574158,
        "params": [
            [
                1.0436712503433228,
                0.85760897397995
            ]
        ],
        "test_accuracy": 0.0,
        "test_loss": 0.6879190802574158,
        "time": 1606138248.0910094,
        "train_accuracy": 0.0,
        "train_loss": 0.6879190802574158,
        "update_size": [
            0.001789376838132739
        ],
        "valid_accuracy": 0.0,
        "valid_loss": 0.6879190802574158
    },
    "17": {
        "alpha": -0.9937942122822709,
        "d2init": [
            0.1507229208946228
        ],
        "epoch_count": 17,
        "grad_norm": [
            2.2906014919281006
        ],
        "learning_rate": 0.0006747762539782099,
        "mini_batch_loss": 0.6838055849075317,
        "params": [
            [
                1.0440802574157715,
                0.8558669686317444
            ]
        ],
        "test_accuracy": 0.0,
        "test_loss": 0.6838055849075317,
        "time": 1606138248.0965414,
        "train_accuracy": 0.0,
        "train_loss": 0.6838055849075317,
        "update_size": [
            0.0015456386609002948
        ],
        "valid_accuracy": 0.0,
        "valid_loss": 0.6838055849075317
    },
    "18": {
        "alpha": -0.9946066544426617,
        "d2init": [
            0.15226499736309052
        ],
        "epoch_count": 18,
        "grad_norm": [
            2.2763917446136475
        ],
        "learning_rate": 0.0005870553409610426,
        "mini_batch_loss": 0.680276095867157,
        "params": [
            [
                1.0444304943084717,
                0.8543615341186523
            ]
        ],
        "test_accuracy": 0.0,
        "test_loss": 0.680276095867157,
        "time": 1606138248.1020434,
        "train_accuracy": 0.0,
        "train_loss": 0.680276095867157,
        "update_size": [
            0.0013363847974687815
        ],
        "valid_accuracy": 0.0,
        "valid_loss": 0.680276095867157
    },
    "19": {
        "d2init": [
            0.15359820425510406
        ],
        "epoch_count": 19,
        "grad_norm": [
            2.2641165256500244
        ],
        "learning_rate": 0.0005107381466361071,
        "mini_batch_loss": 0.6772421598434448,
        "params": [
            [
                1.0447309017181396,
                0.8530593514442444
            ]
        ],
        "test_accuracy": 0.0,
        "test_loss": 0.6772421598434448,
        "time": 1606138248.1075294,
        "train_accuracy": 0.0,
        "train_loss": 0.6772421598434448,
        "valid_accuracy": 0.0,
        "valid_loss": 0.6772421598434448
    },
    "20": {
        "epoch_count": 20,
        "learning_rate": 0.00044434218757341315,
        "test_accuracy": 0.0,
        "test_loss": 0.6746301651000977,
        "train_accuracy": 0.0,
        "train_loss": 0.6746301651000977,
        "valid_accuracy": 0.0,
        "valid_loss": 0.6746301651000977
    }
}