# {'commit': {'author_time': '2020-11-05T12:50:50+01:00',,,,,,,
#             'branch': 'exp01-benchmark',,,,,,,
#             'dirty': True,,,,,,,
#             'id': '5725fd47e65da3d085feecd5654e945bb810c3e4',,,,,,,
#             'project': 'backboard',,,,,,,
#             'time': '2020-11-05T12:50:50+01:00'},,,,,,,
#  'gpu': {'CUDA Version': '11.0', 'Product Name': 'GeForce RTX 2080 Ti'},,,,,,
#  'machine': {'cpu': {'brand': 'unknown',,,,,,,
#                      'hardware': 'unknown',,,,,,,
#                      'vendor_id': 'unknown'},,,,,,,
#              'machine': 'x86_64',,,,,,,
#              'processor': 'x86_64',,,,,,,
#              'python_build': ('default', 'Jan  8 2020 19:59:22'),,,,,,
#              'python_compiler': 'GCC 7.3.0',,,,,,,
#              'python_implementation': 'CPython',,,,,,,
#              'python_implementation_version': '3.7.6',,,,,,,
#              'python_version': '3.7.6',,,,,,,
#              'release': '5.4.0-52-generic',,,,,,,
#              'system': 'Linux'}},,,,,,,
,testproblem,quantities,track_interval,steps,random_seed,device,time_per_step
0,cifar10_3c3d,baseline,1,512,0,cuda,0.060238710604608
1,cifar10_3c3d,baseline,1,512,1,cuda,0.060220452491194
2,cifar10_3c3d,baseline,1,512,2,cuda,0.059198985807598
3,cifar10_3c3d,baseline,1,512,3,cuda,0.059213482309133
4,cifar10_3c3d,baseline,1,512,4,cuda,0.05949747050181
5,cifar10_3c3d,baseline,1,512,5,cuda,0.059265237301588
6,cifar10_3c3d,baseline,1,512,6,cuda,0.059256663545966
7,cifar10_3c3d,baseline,1,512,7,cuda,0.059293950907886
8,cifar10_3c3d,baseline,1,512,8,cuda,0.059450900647789
9,cifar10_3c3d,baseline,1,512,9,cuda,0.060362743213773
10,cifar10_3c3d,baseline,4,512,0,cuda,0.060404188930988
11,cifar10_3c3d,baseline,4,512,1,cuda,0.060308891814202
12,cifar10_3c3d,baseline,4,512,2,cuda,0.060168787371367
13,cifar10_3c3d,baseline,4,512,3,cuda,0.060493944678456
14,cifar10_3c3d,baseline,4,512,4,cuda,0.060670611448586
15,cifar10_3c3d,baseline,4,512,5,cuda,0.060248442925513
16,cifar10_3c3d,baseline,4,512,6,cuda,0.060280500911176
17,cifar10_3c3d,baseline,4,512,7,cuda,0.060327386017889
18,cifar10_3c3d,baseline,4,512,8,cuda,0.060274173039943
19,cifar10_3c3d,baseline,4,512,9,cuda,0.060669998172671
20,cifar10_3c3d,baseline,16,512,0,cuda,0.060207848902792
21,cifar10_3c3d,baseline,16,512,1,cuda,0.060180815402418
22,cifar10_3c3d,baseline,16,512,2,cuda,0.060475458856672
23,cifar10_3c3d,baseline,16,512,3,cuda,0.060063388198614
24,cifar10_3c3d,baseline,16,512,4,cuda,0.06073211086914
25,cifar10_3c3d,baseline,16,512,5,cuda,0.060207459609956
26,cifar10_3c3d,baseline,16,512,6,cuda,0.060198272112757
27,cifar10_3c3d,baseline,16,512,7,cuda,0.059803231619299
28,cifar10_3c3d,baseline,16,512,8,cuda,0.059719293843955
29,cifar10_3c3d,baseline,16,512,9,cuda,0.059797224588692
30,cifar10_3c3d,baseline,64,512,0,cuda,0.059719656128436
31,cifar10_3c3d,baseline,64,512,1,cuda,0.059821791015565
32,cifar10_3c3d,baseline,64,512,2,cuda,0.060154570266605
33,cifar10_3c3d,baseline,64,512,3,cuda,0.05963989160955
34,cifar10_3c3d,baseline,64,512,4,cuda,0.059599783737213
35,cifar10_3c3d,baseline,64,512,5,cuda,0.059920476749539
36,cifar10_3c3d,baseline,64,512,6,cuda,0.059642628766596
37,cifar10_3c3d,baseline,64,512,7,cuda,0.059648538939655
38,cifar10_3c3d,baseline,64,512,8,cuda,0.059693593997508
39,cifar10_3c3d,baseline,64,512,9,cuda,0.060439253225923
40,cifar10_3c3d,baseline,256,512,0,cuda,0.06049736449495
41,cifar10_3c3d,baseline,256,512,1,cuda,0.060004192404449
42,cifar10_3c3d,baseline,256,512,2,cuda,0.059730152599514
43,cifar10_3c3d,baseline,256,512,3,cuda,0.060082556679845
44,cifar10_3c3d,baseline,256,512,4,cuda,0.05983128072694
45,cifar10_3c3d,baseline,256,512,5,cuda,0.059767637401819
46,cifar10_3c3d,baseline,256,512,6,cuda,0.059661782346666
47,cifar10_3c3d,baseline,256,512,7,cuda,0.060402050614357
48,cifar10_3c3d,baseline,256,512,8,cuda,0.06056407885626
49,cifar10_3c3d,baseline,256,512,9,cuda,0.060489675495774
50,cifar10_3c3d,economy,1,512,0,cuda,0.097516369074583
51,cifar10_3c3d,economy,1,512,1,cuda,0.096791821997613
52,cifar10_3c3d,economy,1,512,2,cuda,0.0970235648565
53,cifar10_3c3d,economy,1,512,3,cuda,0.097276748158038
54,cifar10_3c3d,economy,1,512,4,cuda,0.096992256119847
55,cifar10_3c3d,economy,1,512,5,cuda,0.098109067883343
56,cifar10_3c3d,economy,1,512,6,cuda,0.096917767543346
57,cifar10_3c3d,economy,1,512,7,cuda,0.096395768225193
58,cifar10_3c3d,economy,1,512,8,cuda,0.098074839450419
59,cifar10_3c3d,economy,1,512,9,cuda,0.097133102826774
60,cifar10_3c3d,economy,4,512,0,cuda,0.071277182083577
61,cifar10_3c3d,economy,4,512,1,cuda,0.070656068157405
62,cifar10_3c3d,economy,4,512,2,cuda,0.070219290908426
63,cifar10_3c3d,economy,4,512,3,cuda,0.070285373833031
64,cifar10_3c3d,economy,4,512,4,cuda,0.07040113536641
65,cifar10_3c3d,economy,4,512,5,cuda,0.07033671066165
66,cifar10_3c3d,economy,4,512,6,cuda,0.070136711001396
67,cifar10_3c3d,economy,4,512,7,cuda,0.07040397124365
68,cifar10_3c3d,economy,4,512,8,cuda,0.070758632384241
69,cifar10_3c3d,economy,4,512,9,cuda,0.070682095363736
70,cifar10_3c3d,economy,16,512,0,cuda,0.061963550746441
71,cifar10_3c3d,economy,16,512,1,cuda,0.062062709126622
72,cifar10_3c3d,economy,16,512,2,cuda,0.063109344337136
73,cifar10_3c3d,economy,16,512,3,cuda,0.063056440092623
74,cifar10_3c3d,economy,16,512,4,cuda,0.063145980704576
75,cifar10_3c3d,economy,16,512,5,cuda,0.062947908882052
76,cifar10_3c3d,economy,16,512,6,cuda,0.06302866153419
77,cifar10_3c3d,economy,16,512,7,cuda,0.062868361361325
78,cifar10_3c3d,economy,16,512,8,cuda,0.063346760347486
79,cifar10_3c3d,economy,16,512,9,cuda,0.063057781197131
80,cifar10_3c3d,economy,64,512,0,cuda,0.060559112578631
81,cifar10_3c3d,economy,64,512,1,cuda,0.060777999460697
82,cifar10_3c3d,economy,64,512,2,cuda,0.060346296988428
83,cifar10_3c3d,economy,64,512,3,cuda,0.06055573746562
84,cifar10_3c3d,economy,64,512,4,cuda,0.06035420903936
85,cifar10_3c3d,economy,64,512,5,cuda,0.060311759356409
86,cifar10_3c3d,economy,64,512,6,cuda,0.060298835858703
87,cifar10_3c3d,economy,64,512,7,cuda,0.060756308957934
88,cifar10_3c3d,economy,64,512,8,cuda,0.061480940785259
89,cifar10_3c3d,economy,64,512,9,cuda,0.061228758655489
90,cifar10_3c3d,economy,256,512,0,cuda,0.060488254297525
91,cifar10_3c3d,economy,256,512,1,cuda,0.06066335272044
92,cifar10_3c3d,economy,256,512,2,cuda,0.060146153904498
93,cifar10_3c3d,economy,256,512,3,cuda,0.059800900053233
94,cifar10_3c3d,economy,256,512,4,cuda,0.059473765548319
95,cifar10_3c3d,economy,256,512,5,cuda,0.059536701999605
96,cifar10_3c3d,economy,256,512,6,cuda,0.059450491331518
97,cifar10_3c3d,economy,256,512,7,cuda,0.060164205729961
98,cifar10_3c3d,economy,256,512,8,cuda,0.060298629570752
99,cifar10_3c3d,economy,256,512,9,cuda,0.059929680079222
100,cifar10_3c3d,business,1,512,0,cuda,0.141381705645472
101,cifar10_3c3d,business,1,512,1,cuda,0.13999836333096
102,cifar10_3c3d,business,1,512,2,cuda,0.140857942402363
103,cifar10_3c3d,business,1,512,3,cuda,0.141129305120558
104,cifar10_3c3d,business,1,512,4,cuda,0.140452443156391
105,cifar10_3c3d,business,1,512,5,cuda,0.142016812227666
106,cifar10_3c3d,business,1,512,6,cuda,0.14171116380021
107,cifar10_3c3d,business,1,512,7,cuda,0.140191223938018
108,cifar10_3c3d,business,1,512,8,cuda,0.142111194320023
109,cifar10_3c3d,business,1,512,9,cuda,0.141842230223119
110,cifar10_3c3d,business,4,512,0,cuda,0.081271985080093
111,cifar10_3c3d,business,4,512,1,cuda,0.080748751759529
112,cifar10_3c3d,business,4,512,2,cuda,0.081238706130534
113,cifar10_3c3d,business,4,512,3,cuda,0.080474324990064
114,cifar10_3c3d,business,4,512,4,cuda,0.080728852655739
115,cifar10_3c3d,business,4,512,5,cuda,0.080345607828349
116,cifar10_3c3d,business,4,512,6,cuda,0.081539275124669
117,cifar10_3c3d,business,4,512,7,cuda,0.080641829874367
118,cifar10_3c3d,business,4,512,8,cuda,0.080411355011165
119,cifar10_3c3d,business,4,512,9,cuda,0.080885950475931
120,cifar10_3c3d,business,16,512,0,cuda,0.066189766861498
121,cifar10_3c3d,business,16,512,1,cuda,0.066424637101591
122,cifar10_3c3d,business,16,512,2,cuda,0.067266858648509
123,cifar10_3c3d,business,16,512,3,cuda,0.06809139251709
124,cifar10_3c3d,business,16,512,4,cuda,0.067694983445108
125,cifar10_3c3d,business,16,512,5,cuda,0.066444657742977
126,cifar10_3c3d,business,16,512,6,cuda,0.066099353134632
127,cifar10_3c3d,business,16,512,7,cuda,0.064845882821828
128,cifar10_3c3d,business,16,512,8,cuda,0.06651374604553
129,cifar10_3c3d,business,16,512,9,cuda,0.066213664598763
130,cifar10_3c3d,business,64,512,0,cuda,0.062000369187445
131,cifar10_3c3d,business,64,512,1,cuda,0.06174032157287
132,cifar10_3c3d,business,64,512,2,cuda,0.061373374890536
133,cifar10_3c3d,business,64,512,3,cuda,0.061376894824207
134,cifar10_3c3d,business,64,512,4,cuda,0.061177808325738
135,cifar10_3c3d,business,64,512,5,cuda,0.061342246364802
136,cifar10_3c3d,business,64,512,6,cuda,0.061842645518482
137,cifar10_3c3d,business,64,512,7,cuda,0.062714045867324
138,cifar10_3c3d,business,64,512,8,cuda,0.062003554776311
139,cifar10_3c3d,business,64,512,9,cuda,0.061842428054661
140,cifar10_3c3d,business,256,512,0,cuda,0.060768832918257
141,cifar10_3c3d,business,256,512,1,cuda,0.060731831472367
142,cifar10_3c3d,business,256,512,2,cuda,0.060615888796747
143,cifar10_3c3d,business,256,512,3,cuda,0.060666741337627
144,cifar10_3c3d,business,256,512,4,cuda,0.060499103274196
145,cifar10_3c3d,business,256,512,5,cuda,0.060692972969264
146,cifar10_3c3d,business,256,512,6,cuda,0.060569240245968
147,cifar10_3c3d,business,256,512,7,cuda,0.060716601088643
148,cifar10_3c3d,business,256,512,8,cuda,0.060623860917986
149,cifar10_3c3d,business,256,512,9,cuda,0.060613798908889
150,cifar10_3c3d,full,1,512,0,cuda,1.86141308955848
151,cifar10_3c3d,full,1,512,1,cuda,1.77926318580285
152,cifar10_3c3d,full,1,512,2,cuda,1.93980612512678
153,cifar10_3c3d,full,1,512,3,cuda,2.01972524030134
154,cifar10_3c3d,full,1,512,4,cuda,1.99979793000966
155,cifar10_3c3d,full,1,512,5,cuda,1.87748295627534
156,cifar10_3c3d,full,1,512,6,cuda,1.75638879323378
157,cifar10_3c3d,full,1,512,7,cuda,1.93265952309594
158,cifar10_3c3d,full,1,512,8,cuda,1.94891651859507
159,cifar10_3c3d,full,1,512,9,cuda,1.97939603542909
160,cifar10_3c3d,full,4,512,0,cuda,0.510771771892905
161,cifar10_3c3d,full,4,512,1,cuda,0.494075866881758
162,cifar10_3c3d,full,4,512,2,cuda,0.539112938567996
163,cifar10_3c3d,full,4,512,3,cuda,0.548742021434009
164,cifar10_3c3d,full,4,512,4,cuda,0.546700111590326
165,cifar10_3c3d,full,4,512,5,cuda,0.510204977821559
166,cifar10_3c3d,full,4,512,6,cuda,0.482769652735442
167,cifar10_3c3d,full,4,512,7,cuda,0.540453345514834
168,cifar10_3c3d,full,4,512,8,cuda,0.542841037735343
169,cifar10_3c3d,full,4,512,9,cuda,0.540546905715019
170,cifar10_3c3d,full,16,512,0,cuda,0.170170225668699
171,cifar10_3c3d,full,16,512,1,cuda,0.17084097629413
172,cifar10_3c3d,full,16,512,2,cuda,0.177211183123291
173,cifar10_3c3d,full,16,512,3,cuda,0.190849004779011
174,cifar10_3c3d,full,16,512,4,cuda,0.1828647935763
175,cifar10_3c3d,full,16,512,5,cuda,0.170522121246904
176,cifar10_3c3d,full,16,512,6,cuda,0.167092238087207
177,cifar10_3c3d,full,16,512,7,cuda,0.181473299395293
178,cifar10_3c3d,full,16,512,8,cuda,0.177193015813828
179,cifar10_3c3d,full,16,512,9,cuda,0.184548859018832
180,cifar10_3c3d,full,64,512,0,cuda,0.087306465953589
181,cifar10_3c3d,full,64,512,1,cuda,0.086504452861846
182,cifar10_3c3d,full,64,512,2,cuda,0.089659315999597
183,cifar10_3c3d,full,64,512,3,cuda,0.090970627497882
184,cifar10_3c3d,full,64,512,4,cuda,0.09014761261642
185,cifar10_3c3d,full,64,512,5,cuda,0.086743991356343
186,cifar10_3c3d,full,64,512,6,cuda,0.087005487643182
187,cifar10_3c3d,full,64,512,7,cuda,0.09078070987016
188,cifar10_3c3d,full,64,512,8,cuda,0.092498623300344
189,cifar10_3c3d,full,64,512,9,cuda,0.090830955188722
190,cifar10_3c3d,full,256,512,0,cuda,0.066239385865629
191,cifar10_3c3d,full,256,512,1,cuda,0.066549941897392
192,cifar10_3c3d,full,256,512,2,cuda,0.068199073895812
193,cifar10_3c3d,full,256,512,3,cuda,0.066787078045309
194,cifar10_3c3d,full,256,512,4,cuda,0.066549219656736
195,cifar10_3c3d,full,256,512,5,cuda,0.065896931104362
196,cifar10_3c3d,full,256,512,6,cuda,0.066114690620452
197,cifar10_3c3d,full,256,512,7,cuda,0.067099241074175
198,cifar10_3c3d,full,256,512,8,cuda,0.067354148253799
199,cifar10_3c3d,full,256,512,9,cuda,0.066369137726724
