# {'commit': {'author_time': '2020-11-13T15:47:49+01:00',
#             'branch': 'development',
#             'dirty': True,
#             'id': 'd9ffcddc0a68392b18c0ade001e48021e124d0ab',
#             'project': 'backboard',
#             'time': '2020-11-13T15:47:49+01:00'},
#  'gpu': {'CUDA Version': '11.0', 'Product Name': 'GeForce RTX 2080 Ti'},
#  'machine': {'cpu': {'brand': 'unknown',
#                      'hardware': 'unknown',
#                      'vendor_id': 'unknown'},
#              'machine': 'x86_64',
#              'processor': 'x86_64',
#              'python_build': ('default', 'Jan  8 2020 19:59:22'),
#              'python_compiler': 'GCC 7.3.0',
#              'python_implementation': 'CPython',
#              'python_implementation_version': '3.7.6',
#              'python_version': '3.7.6',
#              'release': '5.4.0-53-generic',
#              'system': 'Linux'}}
,testproblem,quantities,track_interval,steps,random_seed,device,time_per_step
0,cifar10_3c3d,full,256,512,0,cpu,0.15779466833919287
1,cifar10_3c3d,full,256,512,1,cpu,0.16145238606259227
2,cifar10_3c3d,full,256,512,2,cpu,0.1675457893870771
3,cifar10_3c3d,full,256,512,3,cpu,0.16902494244277474
4,cifar10_3c3d,full,256,512,4,cpu,0.17188517656177282
5,cifar10_3c3d,full,256,512,5,cpu,0.1784019023180008
6,cifar10_3c3d,full,256,512,6,cpu,0.1637327903881669
7,cifar10_3c3d,full,256,512,7,cpu,0.16769506316632032
8,cifar10_3c3d,full,256,512,8,cpu,0.15633494826033711
9,cifar10_3c3d,full,256,512,9,cpu,0.15989914210513234
10,cifar10_3c3d,baseline,1,512,0,cpu,0.12181890895590185
11,cifar10_3c3d,baseline,1,512,1,cpu,0.12158701755106448
12,cifar10_3c3d,baseline,1,512,2,cpu,0.12113906582817435
13,cifar10_3c3d,baseline,1,512,3,cpu,0.12176862126216292
14,cifar10_3c3d,baseline,1,512,4,cpu,0.12187761347740887
15,cifar10_3c3d,baseline,1,512,5,cpu,0.12126865703612565
16,cifar10_3c3d,baseline,1,512,6,cpu,0.12172356341034175
17,cifar10_3c3d,baseline,1,512,7,cpu,0.12304850947111845
18,cifar10_3c3d,baseline,1,512,8,cpu,0.12154172360897066
19,cifar10_3c3d,baseline,1,512,9,cpu,0.12132982816547155
20,cifar10_3c3d,baseline,4,512,0,cpu,0.12179313926026225
21,cifar10_3c3d,baseline,4,512,1,cpu,0.1234090100042522
22,cifar10_3c3d,baseline,4,512,2,cpu,0.1223540878854692
23,cifar10_3c3d,baseline,4,512,3,cpu,0.12190247653052212
24,cifar10_3c3d,baseline,4,512,4,cpu,0.1215371168218553
25,cifar10_3c3d,baseline,4,512,5,cpu,0.12149520637467505
26,cifar10_3c3d,baseline,4,512,6,cpu,0.12203451991081238
27,cifar10_3c3d,baseline,4,512,7,cpu,0.1209751139394939
28,cifar10_3c3d,baseline,4,512,8,cpu,0.12115219514817
29,cifar10_3c3d,baseline,4,512,9,cpu,0.12005226174369454
30,cifar10_3c3d,baseline,16,512,0,cpu,0.12030037213116886
31,cifar10_3c3d,baseline,16,512,1,cpu,0.12067973567172885
32,cifar10_3c3d,baseline,16,512,2,cpu,0.12119781225919725
33,cifar10_3c3d,baseline,16,512,3,cpu,0.12100669369101524
34,cifar10_3c3d,baseline,16,512,4,cpu,0.1209767828695476
35,cifar10_3c3d,baseline,16,512,5,cpu,0.12042540358379485
36,cifar10_3c3d,baseline,16,512,6,cpu,0.12033359985798595
37,cifar10_3c3d,baseline,16,512,7,cpu,0.1202213168144226
38,cifar10_3c3d,baseline,16,512,8,cpu,0.12098330771550535
39,cifar10_3c3d,baseline,16,512,9,cpu,0.12035043817013502
40,cifar10_3c3d,baseline,64,512,0,cpu,0.1207757373340428
41,cifar10_3c3d,baseline,64,512,1,cpu,0.1202892055734992
42,cifar10_3c3d,baseline,64,512,2,cpu,0.1214024513028562
43,cifar10_3c3d,baseline,64,512,3,cpu,0.12008340377360582
44,cifar10_3c3d,baseline,64,512,4,cpu,0.12043659016489985
45,cifar10_3c3d,baseline,64,512,5,cpu,0.12006433540955185
46,cifar10_3c3d,baseline,64,512,6,cpu,0.12293674843385816
47,cifar10_3c3d,baseline,64,512,7,cpu,0.12187152588739993
48,cifar10_3c3d,baseline,64,512,8,cpu,0.12413423135876656
49,cifar10_3c3d,baseline,64,512,9,cpu,0.12282921001315115
50,cifar10_3c3d,baseline,256,512,0,cpu,0.1232315870001912
51,cifar10_3c3d,baseline,256,512,1,cpu,0.12370314961299304
52,cifar10_3c3d,baseline,256,512,2,cpu,0.12162245158106087
53,cifar10_3c3d,baseline,256,512,3,cpu,0.1213969741947949
54,cifar10_3c3d,baseline,256,512,4,cpu,0.12130643101409078
55,cifar10_3c3d,baseline,256,512,5,cpu,0.12161839380860327
56,cifar10_3c3d,baseline,256,512,6,cpu,0.12201808672398327
57,cifar10_3c3d,baseline,256,512,7,cpu,0.12147520249709487
58,cifar10_3c3d,baseline,256,512,8,cpu,0.12279632175341247
59,cifar10_3c3d,baseline,256,512,9,cpu,0.12194413598626852
60,cifar10_3c3d,economy,1,512,0,cpu,0.7355474787764251
61,cifar10_3c3d,economy,1,512,1,cpu,0.7341809305362403
62,cifar10_3c3d,economy,1,512,2,cpu,0.7349479654803872
63,cifar10_3c3d,economy,1,512,3,cpu,0.732039300724864
64,cifar10_3c3d,economy,1,512,4,cpu,0.7531455112621188
65,cifar10_3c3d,economy,1,512,5,cpu,0.7506293058395386
66,cifar10_3c3d,economy,1,512,6,cpu,0.7514168820343912
67,cifar10_3c3d,economy,1,512,7,cpu,0.7508586207404733
68,cifar10_3c3d,economy,1,512,8,cpu,0.7516354122199118
69,cifar10_3c3d,economy,1,512,9,cpu,0.7424165867269039
70,cifar10_3c3d,economy,4,512,0,cpu,0.2914971993304789
71,cifar10_3c3d,economy,4,512,1,cpu,0.2950753774493933
72,cifar10_3c3d,economy,4,512,2,cpu,0.2959998762235045
73,cifar10_3c3d,economy,4,512,3,cpu,0.2975017861463129
74,cifar10_3c3d,economy,4,512,4,cpu,0.2981787282042205
75,cifar10_3c3d,economy,4,512,5,cpu,0.2942258245311677
76,cifar10_3c3d,economy,4,512,6,cpu,0.2902072155848145
77,cifar10_3c3d,economy,4,512,7,cpu,0.2915114499628544
78,cifar10_3c3d,economy,4,512,8,cpu,0.29204109217971563
79,cifar10_3c3d,economy,4,512,9,cpu,0.2936719465069473
80,cifar10_3c3d,economy,16,512,0,cpu,0.16670176200568676
81,cifar10_3c3d,economy,16,512,1,cpu,0.16588542191311714
82,cifar10_3c3d,economy,16,512,2,cpu,0.16657036775723094
83,cifar10_3c3d,economy,16,512,3,cpu,0.165516359731555
84,cifar10_3c3d,economy,16,512,4,cpu,0.16459131939336658
85,cifar10_3c3d,economy,16,512,5,cpu,0.16454760171473026
86,cifar10_3c3d,economy,16,512,6,cpu,0.16519081080332398
87,cifar10_3c3d,economy,16,512,7,cpu,0.1643703244626522
88,cifar10_3c3d,economy,16,512,8,cpu,0.16495209140703082
89,cifar10_3c3d,economy,16,512,9,cpu,0.1652276678942144
90,cifar10_3c3d,economy,64,512,0,cpu,0.13421299634501338
91,cifar10_3c3d,economy,64,512,1,cpu,0.13272859901189804
92,cifar10_3c3d,economy,64,512,2,cpu,0.13306763907894492
93,cifar10_3c3d,economy,64,512,3,cpu,0.13492722623050213
94,cifar10_3c3d,economy,64,512,4,cpu,0.133895852137357
95,cifar10_3c3d,economy,64,512,5,cpu,0.1331442529335618
96,cifar10_3c3d,economy,64,512,6,cpu,0.13249026332050562
97,cifar10_3c3d,economy,64,512,7,cpu,0.13221528381109238
98,cifar10_3c3d,economy,64,512,8,cpu,0.13327417662367225
99,cifar10_3c3d,economy,64,512,9,cpu,0.13380259415134788
100,cifar10_3c3d,economy,256,512,0,cpu,0.12601701868697998
101,cifar10_3c3d,economy,256,512,1,cpu,0.12584875617176294
102,cifar10_3c3d,economy,256,512,2,cpu,0.1256780494004488
103,cifar10_3c3d,economy,256,512,3,cpu,0.1261848770081997
104,cifar10_3c3d,economy,256,512,4,cpu,0.1281828759238124
105,cifar10_3c3d,economy,256,512,5,cpu,0.12765638437122107
106,cifar10_3c3d,economy,256,512,6,cpu,0.12493164325132965
107,cifar10_3c3d,economy,256,512,7,cpu,0.12521884869784114
108,cifar10_3c3d,economy,256,512,8,cpu,0.12585566006600854
109,cifar10_3c3d,economy,256,512,9,cpu,0.12579622771590948
110,cifar10_3c3d,business,1,512,0,cpu,1.7163163903169334
111,cifar10_3c3d,business,1,512,1,cpu,1.7174782357178628
112,cifar10_3c3d,business,1,512,2,cpu,1.7527244803495703
113,cifar10_3c3d,business,1,512,3,cpu,1.7484547733329237
114,cifar10_3c3d,business,1,512,4,cpu,1.7609843122772872
115,cifar10_3c3d,business,1,512,5,cpu,1.7169678513891995
116,cifar10_3c3d,business,1,512,6,cpu,1.7244828981347382
117,cifar10_3c3d,business,1,512,7,cpu,1.7205068934708834
118,cifar10_3c3d,business,1,512,8,cpu,1.7092895368114114
119,cifar10_3c3d,business,1,512,9,cpu,1.7494047628715634
120,cifar10_3c3d,business,4,512,0,cpu,0.5451891855336726
121,cifar10_3c3d,business,4,512,1,cpu,0.5474502462893724
122,cifar10_3c3d,business,4,512,2,cpu,0.5453330129384995
123,cifar10_3c3d,business,4,512,3,cpu,0.5418573995120823
124,cifar10_3c3d,business,4,512,4,cpu,0.5438039405271411
125,cifar10_3c3d,business,4,512,5,cpu,0.5377936861477792
126,cifar10_3c3d,business,4,512,6,cpu,0.535776752512902
127,cifar10_3c3d,business,4,512,7,cpu,0.5426728134043515
128,cifar10_3c3d,business,4,512,8,cpu,0.5470837904140353
129,cifar10_3c3d,business,4,512,9,cpu,0.5436212681233883
130,cifar10_3c3d,business,16,512,0,cpu,0.2281038579531014
131,cifar10_3c3d,business,16,512,1,cpu,0.224729816429317
132,cifar10_3c3d,business,16,512,2,cpu,0.22424607444554567
133,cifar10_3c3d,business,16,512,3,cpu,0.22472046921029687
134,cifar10_3c3d,business,16,512,4,cpu,0.2260612226091325
135,cifar10_3c3d,business,16,512,5,cpu,0.2253428557887673
136,cifar10_3c3d,business,16,512,6,cpu,0.2252097022719681
137,cifar10_3c3d,business,16,512,7,cpu,0.2267613816075027
138,cifar10_3c3d,business,16,512,8,cpu,0.2288190401159227
139,cifar10_3c3d,business,16,512,9,cpu,0.2274559522047639
140,cifar10_3c3d,business,64,512,0,cpu,0.14677103143185374
141,cifar10_3c3d,business,64,512,1,cpu,0.1467151278629899
142,cifar10_3c3d,business,64,512,2,cpu,0.14660883136093614
143,cifar10_3c3d,business,64,512,3,cpu,0.1465447200462222
144,cifar10_3c3d,business,64,512,4,cpu,0.147136720828712
145,cifar10_3c3d,business,64,512,5,cpu,0.14724927442148328
146,cifar10_3c3d,business,64,512,6,cpu,0.1474962243810296
147,cifar10_3c3d,business,64,512,7,cpu,0.1476728366687894
148,cifar10_3c3d,business,64,512,8,cpu,0.14810763113200665
149,cifar10_3c3d,business,64,512,9,cpu,0.14785218192264438
150,cifar10_3c3d,business,256,512,0,cpu,0.12788774678483605
151,cifar10_3c3d,business,256,512,1,cpu,0.12829131307080388
152,cifar10_3c3d,business,256,512,2,cpu,0.12750786216929555
153,cifar10_3c3d,business,256,512,3,cpu,0.1275259363465011
154,cifar10_3c3d,business,256,512,4,cpu,0.12754902057349682
155,cifar10_3c3d,business,256,512,5,cpu,0.1280437777750194
156,cifar10_3c3d,business,256,512,6,cpu,0.1277534393593669
157,cifar10_3c3d,business,256,512,7,cpu,0.12767077796161175
158,cifar10_3c3d,business,256,512,8,cpu,0.12789804814383388
159,cifar10_3c3d,business,256,512,9,cpu,0.12801347346976402
160,cifar10_3c3d,full,1,512,0,cpu,13.963526357896626
161,cifar10_3c3d,full,1,512,1,cpu,11.779982227832079
162,cifar10_3c3d,full,1,512,2,cpu,14.665561518166216
163,cifar10_3c3d,full,1,512,3,cpu,15.532917913980782
164,cifar10_3c3d,full,1,512,4,cpu,13.414527038577946
165,cifar10_3c3d,full,1,512,5,cpu,14.354961708653716
166,cifar10_3c3d,full,1,512,6,cpu,10.518639185931534
167,cifar10_3c3d,full,1,512,7,cpu,13.962197589688005
168,cifar10_3c3d,full,1,512,8,cpu,15.913596723228693
169,cifar10_3c3d,full,1,512,9,cpu,14.81988674402237
170,cifar10_3c3d,full,4,512,0,cpu,3.681234289892018
171,cifar10_3c3d,full,4,512,1,cpu,3.2548534581437707
172,cifar10_3c3d,full,4,512,2,cpu,3.820885562337935
173,cifar10_3c3d,full,4,512,3,cpu,3.924825482070446
174,cifar10_3c3d,full,4,512,4,cpu,3.497680183965713
175,cifar10_3c3d,full,4,512,5,cpu,3.6698723095469177
176,cifar10_3c3d,full,4,512,6,cpu,2.6696832324378192
177,cifar10_3c3d,full,4,512,7,cpu,3.5972158405929804
178,cifar10_3c3d,full,4,512,8,cpu,4.093392028007656
179,cifar10_3c3d,full,4,512,9,cpu,3.7720999494194984
180,cifar10_3c3d,full,16,512,0,cpu,0.9978859731927514
181,cifar10_3c3d,full,16,512,1,cpu,0.9344360926188529
182,cifar10_3c3d,full,16,512,2,cpu,1.0303776012733579
183,cifar10_3c3d,full,16,512,3,cpu,1.0867820507846773
184,cifar10_3c3d,full,16,512,4,cpu,0.9843953419476748
185,cifar10_3c3d,full,16,512,5,cpu,0.9344405434094369
186,cifar10_3c3d,full,16,512,6,cpu,0.7829400491900742
187,cifar10_3c3d,full,16,512,7,cpu,1.0697407806292176
188,cifar10_3c3d,full,16,512,8,cpu,1.2402183869853616
189,cifar10_3c3d,full,16,512,9,cpu,1.121739664580673
190,cifar10_3c3d,full,64,512,0,cpu,0.30349970469251275
191,cifar10_3c3d,full,64,512,1,cpu,0.2792708156630397
192,cifar10_3c3d,full,64,512,2,cpu,0.3372914702631533
193,cifar10_3c3d,full,64,512,3,cpu,0.34833827009424567
194,cifar10_3c3d,full,64,512,4,cpu,0.3482425124384463
195,cifar10_3c3d,full,64,512,5,cpu,0.32080973451957107
196,cifar10_3c3d,full,64,512,6,cpu,0.28021309385076165
197,cifar10_3c3d,full,64,512,7,cpu,0.37813046434894204
198,cifar10_3c3d,full,64,512,8,cpu,0.3814265029504895
199,cifar10_3c3d,full,64,512,9,cpu,0.31394690042361617
