# {'commit': {'author_time': '2020-11-07T11:04:56+01:00',
#             'branch': 'exp01-benchmark',
#             'dirty': False,
#             'id': 'e03c32fb595320da44f5c7e050b5ab9ae5ab2e1d',
#             'project': 'backboard',
#             'time': '2020-11-07T11:05:38+01:00'},
#  'gpu': {'CUDA Version': '11.0', 'Product Name': 'GeForce RTX 2080 Ti'},
#  'machine': {'cpu': {'brand': 'unknown',
#                      'hardware': 'unknown',
#                      'vendor_id': 'unknown'},
#              'machine': 'x86_64',
#              'processor': 'x86_64',
#              'python_build': ('default', 'Jan  8 2020 19:59:22'),
#              'python_compiler': 'GCC 7.3.0',
#              'python_implementation': 'CPython',
#              'python_implementation_version': '3.7.6',
#              'python_version': '3.7.6',
#              'release': '5.4.0-52-generic',
#              'system': 'Linux'}}
,testproblem,quantities,track_interval,steps,random_seed,device,time_per_step
0,fmnist_2c2d,full,256,512,0,cuda,0.02425782009959221
1,fmnist_2c2d,full,256,512,1,cuda,0.02427869196981192
2,fmnist_2c2d,full,256,512,2,cuda,0.0244724047370255
3,fmnist_2c2d,full,256,512,3,cuda,0.024368170648813248
4,fmnist_2c2d,full,256,512,4,cuda,0.02404911816120148
5,fmnist_2c2d,full,256,512,5,cuda,0.023933058138936758
6,fmnist_2c2d,full,256,512,6,cuda,0.024558900389820337
7,fmnist_2c2d,full,256,512,7,cuda,0.02373929042369128
8,fmnist_2c2d,full,256,512,8,cuda,0.02374240942299366
9,fmnist_2c2d,full,256,512,9,cuda,0.02439246792346239
10,fmnist_2c2d,baseline,1,512,0,cuda,0.012186956591904163
11,fmnist_2c2d,baseline,1,512,1,cuda,0.012283070012927057
12,fmnist_2c2d,baseline,1,512,2,cuda,0.012234996072947979
13,fmnist_2c2d,baseline,1,512,3,cuda,0.012216754257678986
14,fmnist_2c2d,baseline,1,512,4,cuda,0.012189652770757677
15,fmnist_2c2d,baseline,1,512,5,cuda,0.012291252147406341
16,fmnist_2c2d,baseline,1,512,6,cuda,0.012162995059043169
17,fmnist_2c2d,baseline,1,512,7,cuda,0.012167812790721657
18,fmnist_2c2d,baseline,1,512,8,cuda,0.012078865431249142
19,fmnist_2c2d,baseline,1,512,9,cuda,0.012278531678020954
20,fmnist_2c2d,baseline,4,512,0,cuda,0.011980496346950531
21,fmnist_2c2d,baseline,4,512,1,cuda,0.011941825039684772
22,fmnist_2c2d,baseline,4,512,2,cuda,0.01206542132422328
23,fmnist_2c2d,baseline,4,512,3,cuda,0.012066362425684929
24,fmnist_2c2d,baseline,4,512,4,cuda,0.012089428026229143
25,fmnist_2c2d,baseline,4,512,5,cuda,0.01208565616980195
26,fmnist_2c2d,baseline,4,512,6,cuda,0.0120701240375638
27,fmnist_2c2d,baseline,4,512,7,cuda,0.012084894813597202
28,fmnist_2c2d,baseline,4,512,8,cuda,0.012120273429900408
29,fmnist_2c2d,baseline,4,512,9,cuda,0.01221488555893302
30,fmnist_2c2d,baseline,16,512,0,cuda,0.01213655574247241
31,fmnist_2c2d,baseline,16,512,1,cuda,0.012074640952050686
32,fmnist_2c2d,baseline,16,512,2,cuda,0.012489704880863428
33,fmnist_2c2d,baseline,16,512,3,cuda,0.012241101823747158
34,fmnist_2c2d,baseline,16,512,4,cuda,0.01211323169991374
35,fmnist_2c2d,baseline,16,512,5,cuda,0.012108147144317629
36,fmnist_2c2d,baseline,16,512,6,cuda,0.012003425508737564
37,fmnist_2c2d,baseline,16,512,7,cuda,0.012187534011900423
38,fmnist_2c2d,baseline,16,512,8,cuda,0.012261368799954651
39,fmnist_2c2d,baseline,16,512,9,cuda,0.012229905929416418
40,fmnist_2c2d,baseline,64,512,0,cuda,0.012251252308487892
41,fmnist_2c2d,baseline,64,512,1,cuda,0.01246990030631423
42,fmnist_2c2d,baseline,64,512,2,cuda,0.01229588920250535
43,fmnist_2c2d,baseline,64,512,3,cuda,0.0122473849914968
44,fmnist_2c2d,baseline,64,512,4,cuda,0.012227525003254414
45,fmnist_2c2d,baseline,64,512,5,cuda,0.012302540242671968
46,fmnist_2c2d,baseline,64,512,6,cuda,0.012252705171704292
47,fmnist_2c2d,baseline,64,512,7,cuda,0.012262915726751087
48,fmnist_2c2d,baseline,64,512,8,cuda,0.012246927712112663
49,fmnist_2c2d,baseline,64,512,9,cuda,0.01230706414207816
50,fmnist_2c2d,baseline,256,512,0,cuda,0.012305252719670534
51,fmnist_2c2d,baseline,256,512,1,cuda,0.012316088192164898
52,fmnist_2c2d,baseline,256,512,2,cuda,0.012241090647876264
53,fmnist_2c2d,baseline,256,512,3,cuda,0.012298249639570713
54,fmnist_2c2d,baseline,256,512,4,cuda,0.012250542640686035
55,fmnist_2c2d,baseline,256,512,5,cuda,0.012437213212251663
56,fmnist_2c2d,baseline,256,512,6,cuda,0.01229971693828702
57,fmnist_2c2d,baseline,256,512,7,cuda,0.012103527318686249
58,fmnist_2c2d,baseline,256,512,8,cuda,0.012527883518487215
59,fmnist_2c2d,baseline,256,512,9,cuda,0.012249213177710772
60,fmnist_2c2d,economy,1,512,0,cuda,0.09384858282282947
61,fmnist_2c2d,economy,1,512,1,cuda,0.09433691250160336
62,fmnist_2c2d,economy,1,512,2,cuda,0.0941280648112297
63,fmnist_2c2d,economy,1,512,3,cuda,0.09462254866957663
64,fmnist_2c2d,economy,1,512,4,cuda,0.094763676635921
65,fmnist_2c2d,economy,1,512,5,cuda,0.0941934920847416
66,fmnist_2c2d,economy,1,512,6,cuda,0.09405198274180293
67,fmnist_2c2d,economy,1,512,7,cuda,0.09450994385406376
68,fmnist_2c2d,economy,1,512,8,cuda,0.09390360349789262
69,fmnist_2c2d,economy,1,512,9,cuda,0.0946066821925342
70,fmnist_2c2d,economy,4,512,0,cuda,0.03398176981136203
71,fmnist_2c2d,economy,4,512,1,cuda,0.034019152633845806
72,fmnist_2c2d,economy,4,512,2,cuda,0.033859544899314635
73,fmnist_2c2d,economy,4,512,3,cuda,0.03419861663132906
74,fmnist_2c2d,economy,4,512,4,cuda,0.033836801070719964
75,fmnist_2c2d,economy,4,512,5,cuda,0.03401965741068125
76,fmnist_2c2d,economy,4,512,6,cuda,0.03365830332040787
77,fmnist_2c2d,economy,4,512,7,cuda,0.033979397267103195
78,fmnist_2c2d,economy,4,512,8,cuda,0.0341523801907897
79,fmnist_2c2d,economy,4,512,9,cuda,0.034197515808045864
80,fmnist_2c2d,economy,16,512,0,cuda,0.017163552809506655
81,fmnist_2c2d,economy,16,512,1,cuda,0.018007895909249786
82,fmnist_2c2d,economy,16,512,2,cuda,0.01717680599540472
83,fmnist_2c2d,economy,16,512,3,cuda,0.017278956715017557
84,fmnist_2c2d,economy,16,512,4,cuda,0.016965810675173998
85,fmnist_2c2d,economy,16,512,5,cuda,0.016854025423526764
86,fmnist_2c2d,economy,16,512,6,cuda,0.01715612318366766
87,fmnist_2c2d,economy,16,512,7,cuda,0.01694472413510084
88,fmnist_2c2d,economy,16,512,8,cuda,0.01715046213939786
89,fmnist_2c2d,economy,16,512,9,cuda,0.01685013296082616
90,fmnist_2c2d,economy,64,512,0,cuda,0.013106775004416704
91,fmnist_2c2d,economy,64,512,1,cuda,0.012935096397995949
92,fmnist_2c2d,economy,64,512,2,cuda,0.013055493589490652
93,fmnist_2c2d,economy,64,512,3,cuda,0.013083863537758587
94,fmnist_2c2d,economy,64,512,4,cuda,0.013020645827054977
95,fmnist_2c2d,economy,64,512,5,cuda,0.012863334733992815
96,fmnist_2c2d,economy,64,512,6,cuda,0.01287133526057005
97,fmnist_2c2d,economy,64,512,7,cuda,0.012903299648314714
98,fmnist_2c2d,economy,64,512,8,cuda,0.012946955859661102
99,fmnist_2c2d,economy,64,512,9,cuda,0.013196718413382769
100,fmnist_2c2d,economy,256,512,0,cuda,0.012349543161690235
101,fmnist_2c2d,economy,256,512,1,cuda,0.012711329851299523
102,fmnist_2c2d,economy,256,512,2,cuda,0.012185987550765276
103,fmnist_2c2d,economy,256,512,3,cuda,0.01211471250280738
104,fmnist_2c2d,economy,256,512,4,cuda,0.01209282036870718
105,fmnist_2c2d,economy,256,512,5,cuda,0.012423100881278515
106,fmnist_2c2d,economy,256,512,6,cuda,0.01227415120229125
107,fmnist_2c2d,economy,256,512,7,cuda,0.012194206938147543
108,fmnist_2c2d,economy,256,512,8,cuda,0.01200630934908986
109,fmnist_2c2d,economy,256,512,9,cuda,0.012054714374244213
110,fmnist_2c2d,business,1,512,0,cuda,0.13568319519981742
111,fmnist_2c2d,business,1,512,1,cuda,0.13480273680761454
112,fmnist_2c2d,business,1,512,2,cuda,0.13385429326444864
113,fmnist_2c2d,business,1,512,3,cuda,0.13390258187428114
114,fmnist_2c2d,business,1,512,4,cuda,0.13490919023752213
115,fmnist_2c2d,business,1,512,5,cuda,0.13420792715623975
116,fmnist_2c2d,business,1,512,6,cuda,0.13379409862682226
117,fmnist_2c2d,business,1,512,7,cuda,0.13659400399774313
118,fmnist_2c2d,business,1,512,8,cuda,0.13556726835668087
119,fmnist_2c2d,business,1,512,9,cuda,0.13375098118558526
120,fmnist_2c2d,business,4,512,0,cuda,0.04373146686702967
121,fmnist_2c2d,business,4,512,1,cuda,0.04391581239178777
122,fmnist_2c2d,business,4,512,2,cuda,0.0437358315102756
123,fmnist_2c2d,business,4,512,3,cuda,0.04428585898131132
124,fmnist_2c2d,business,4,512,4,cuda,0.04474227130413056
125,fmnist_2c2d,business,4,512,5,cuda,0.043365989346057184
126,fmnist_2c2d,business,4,512,6,cuda,0.04435041174292565
127,fmnist_2c2d,business,4,512,7,cuda,0.04377926746383309
128,fmnist_2c2d,business,4,512,8,cuda,0.043337992392480366
129,fmnist_2c2d,business,4,512,9,cuda,0.044032109435647726
130,fmnist_2c2d,business,16,512,0,cuda,0.01952779944986105
131,fmnist_2c2d,business,16,512,1,cuda,0.019395370967686176
132,fmnist_2c2d,business,16,512,2,cuda,0.019697669427841902
133,fmnist_2c2d,business,16,512,3,cuda,0.019513878971338272
134,fmnist_2c2d,business,16,512,4,cuda,0.01946989633142948
135,fmnist_2c2d,business,16,512,5,cuda,0.01959806913509965
136,fmnist_2c2d,business,16,512,6,cuda,0.019469513557851315
137,fmnist_2c2d,business,16,512,7,cuda,0.01933054998517036
138,fmnist_2c2d,business,16,512,8,cuda,0.01940488815307617
139,fmnist_2c2d,business,16,512,9,cuda,0.019479781854897738
140,fmnist_2c2d,business,64,512,0,cuda,0.013710408471524715
141,fmnist_2c2d,business,64,512,1,cuda,0.013517829123884441
142,fmnist_2c2d,business,64,512,2,cuda,0.01359809981659055
143,fmnist_2c2d,business,64,512,3,cuda,0.013687198981642723
144,fmnist_2c2d,business,64,512,4,cuda,0.013651884626597166
145,fmnist_2c2d,business,64,512,5,cuda,0.013418382965028286
146,fmnist_2c2d,business,64,512,6,cuda,0.01370024960488081
147,fmnist_2c2d,business,64,512,7,cuda,0.013721826020628214
148,fmnist_2c2d,business,64,512,8,cuda,0.013491480611264706
149,fmnist_2c2d,business,64,512,9,cuda,0.014001201372593641
150,fmnist_2c2d,business,256,512,0,cuda,0.012385413516312838
151,fmnist_2c2d,business,256,512,1,cuda,0.01237693801522255
152,fmnist_2c2d,business,256,512,2,cuda,0.012225677724927664
153,fmnist_2c2d,business,256,512,3,cuda,0.012248429469764231
154,fmnist_2c2d,business,256,512,4,cuda,0.012199987191706896
155,fmnist_2c2d,business,256,512,5,cuda,0.01226049056276679
156,fmnist_2c2d,business,256,512,6,cuda,0.01231090258806944
157,fmnist_2c2d,business,256,512,7,cuda,0.012609553057700396
158,fmnist_2c2d,business,256,512,8,cuda,0.012410059105604887
159,fmnist_2c2d,business,256,512,9,cuda,0.012186066247522831
160,fmnist_2c2d,full,1,512,0,cuda,3.5288137001916766
161,fmnist_2c2d,full,1,512,1,cuda,3.445463553536684
162,fmnist_2c2d,full,1,512,2,cuda,3.449039069004357
163,fmnist_2c2d,full,1,512,3,cuda,3.5094414581544697
164,fmnist_2c2d,full,1,512,4,cuda,3.4921930599957705
165,fmnist_2c2d,full,1,512,5,cuda,3.3748427825048566
166,fmnist_2c2d,full,1,512,6,cuda,3.5245038052089512
167,fmnist_2c2d,full,1,512,7,cuda,3.4895526729524136
168,fmnist_2c2d,full,1,512,8,cuda,3.462550080381334
169,fmnist_2c2d,full,1,512,9,cuda,3.5176898771896963
170,fmnist_2c2d,full,4,512,0,cuda,0.8891451884992421
171,fmnist_2c2d,full,4,512,1,cuda,0.8773843632079661
172,fmnist_2c2d,full,4,512,2,cuda,0.8795237494632602
173,fmnist_2c2d,full,4,512,3,cuda,0.8958807126618922
174,fmnist_2c2d,full,4,512,4,cuda,0.8762883027084172
175,fmnist_2c2d,full,4,512,5,cuda,0.8485413407906891
176,fmnist_2c2d,full,4,512,6,cuda,0.8910569571889937
177,fmnist_2c2d,full,4,512,7,cuda,0.8855595379136503
178,fmnist_2c2d,full,4,512,8,cuda,0.8715536058880389
179,fmnist_2c2d,full,4,512,9,cuda,0.8846043050289154
180,fmnist_2c2d,full,16,512,0,cuda,0.2314993166364729
181,fmnist_2c2d,full,16,512,1,cuda,0.2280415571294725
182,fmnist_2c2d,full,16,512,2,cuda,0.22409097338095307
183,fmnist_2c2d,full,16,512,3,cuda,0.22984492080286145
184,fmnist_2c2d,full,16,512,4,cuda,0.22431146493181586
185,fmnist_2c2d,full,16,512,5,cuda,0.2188862049952149
186,fmnist_2c2d,full,16,512,6,cuda,0.2313748295418918
187,fmnist_2c2d,full,16,512,7,cuda,0.2313183997757733
188,fmnist_2c2d,full,16,512,8,cuda,0.2251572981476784
189,fmnist_2c2d,full,16,512,9,cuda,0.2294459245167673
190,fmnist_2c2d,full,64,512,0,cuda,0.06617042049765587
191,fmnist_2c2d,full,64,512,1,cuda,0.06525737186893821
192,fmnist_2c2d,full,64,512,2,cuda,0.06395359663292766
193,fmnist_2c2d,full,64,512,3,cuda,0.06650653947144748
194,fmnist_2c2d,full,64,512,4,cuda,0.06434846902266145
195,fmnist_2c2d,full,64,512,5,cuda,0.06317086378112435
196,fmnist_2c2d,full,64,512,6,cuda,0.0655622472986579
197,fmnist_2c2d,full,64,512,7,cuda,0.06507364707067609
198,fmnist_2c2d,full,64,512,8,cuda,0.06338856928050518
199,fmnist_2c2d,full,64,512,9,cuda,0.06531005771830678
