# {'commit': {'author_time': '2020-11-15T16:46:02+01:00',
#             'branch': 'development',
#             'dirty': True,
#             'id': '1d418e95e6c8209ab17d09de2892671a48f3ac3a',
#             'project': 'backboard',
#             'time': '2020-11-15T16:46:02+01:00'},
#  'gpu': {'CUDA Version': '11.0', 'Product Name': 'GeForce RTX 2080 Ti'},
#  'machine': {'cpu': {'brand': 'unknown',
#                      'hardware': 'unknown',
#                      'vendor_id': 'unknown'},
#              'machine': 'x86_64',
#              'processor': 'x86_64',
#              'python_build': ('default', 'Jan  8 2020 19:59:22'),
#              'python_compiler': 'GCC 7.3.0',
#              'python_implementation': 'CPython',
#              'python_implementation_version': '3.7.6',
#              'python_version': '3.7.6',
#              'release': '5.4.0-53-generic',
#              'system': 'Linux'}}
,testproblem,quantities,track_interval,steps,random_seed,device,time_per_step
0,fmnist_2c2d,full,256,512,0,cpu,0.12303209165111186
1,fmnist_2c2d,full,256,512,1,cpu,0.11173186358064413
2,fmnist_2c2d,full,256,512,2,cpu,0.11650267615914345
3,fmnist_2c2d,full,256,512,3,cpu,0.10766389407217504
4,fmnist_2c2d,full,256,512,4,cpu,0.09818723006173967
5,fmnist_2c2d,full,256,512,5,cpu,0.10273503279313444
6,fmnist_2c2d,full,256,512,6,cpu,0.103639327455312
7,fmnist_2c2d,full,256,512,7,cpu,0.09866586187854408
8,fmnist_2c2d,full,256,512,8,cpu,0.1044849893078208
9,fmnist_2c2d,full,256,512,9,cpu,0.10899519734084606
10,fmnist_2c2d,baseline,1,512,0,cpu,0.05201334785670042
11,fmnist_2c2d,baseline,1,512,1,cpu,0.052084998693317175
12,fmnist_2c2d,baseline,1,512,2,cpu,0.053010671865195036
13,fmnist_2c2d,baseline,1,512,3,cpu,0.05261328164488077
14,fmnist_2c2d,baseline,1,512,4,cpu,0.05234928848221898
15,fmnist_2c2d,baseline,1,512,5,cpu,0.05220564687624574
16,fmnist_2c2d,baseline,1,512,6,cpu,0.05278230598196386
17,fmnist_2c2d,baseline,1,512,7,cpu,0.05231222650036217
18,fmnist_2c2d,baseline,1,512,8,cpu,0.052050053142011166
19,fmnist_2c2d,baseline,1,512,9,cpu,0.05217451648786664
20,fmnist_2c2d,baseline,4,512,0,cpu,0.05261674895882607
21,fmnist_2c2d,baseline,4,512,1,cpu,0.05243879090994597
22,fmnist_2c2d,baseline,4,512,2,cpu,0.05225205421447754
23,fmnist_2c2d,baseline,4,512,3,cpu,0.05232474440708757
24,fmnist_2c2d,baseline,4,512,4,cpu,0.05253946082666516
25,fmnist_2c2d,baseline,4,512,5,cpu,0.052747590467333794
26,fmnist_2c2d,baseline,4,512,6,cpu,0.05291044618934393
27,fmnist_2c2d,baseline,4,512,7,cpu,0.052615304943174124
28,fmnist_2c2d,baseline,4,512,8,cpu,0.052141271065920584
29,fmnist_2c2d,baseline,4,512,9,cpu,0.052540711127221584
30,fmnist_2c2d,baseline,16,512,0,cpu,0.052387875970453024
31,fmnist_2c2d,baseline,16,512,1,cpu,0.05252524325624108
32,fmnist_2c2d,baseline,16,512,2,cpu,0.052380024921149015
33,fmnist_2c2d,baseline,16,512,3,cpu,0.05186776258051395
34,fmnist_2c2d,baseline,16,512,4,cpu,0.05254135699942708
35,fmnist_2c2d,baseline,16,512,5,cpu,0.052305942866951234
36,fmnist_2c2d,baseline,16,512,6,cpu,0.05207085143774748
37,fmnist_2c2d,baseline,16,512,7,cpu,0.05263025220483542
38,fmnist_2c2d,baseline,16,512,8,cpu,0.052553373388946056
39,fmnist_2c2d,baseline,16,512,9,cpu,0.05238150106742978
40,fmnist_2c2d,baseline,64,512,0,cpu,0.05219339160248637
41,fmnist_2c2d,baseline,64,512,1,cpu,0.052163508255034685
42,fmnist_2c2d,baseline,64,512,2,cpu,0.05226138327270746
43,fmnist_2c2d,baseline,64,512,3,cpu,0.0528865703381598
44,fmnist_2c2d,baseline,64,512,4,cpu,0.0528232716023922
45,fmnist_2c2d,baseline,64,512,5,cpu,0.0527464197948575
46,fmnist_2c2d,baseline,64,512,6,cpu,0.05251979036256671
47,fmnist_2c2d,baseline,64,512,7,cpu,0.05247512087225914
48,fmnist_2c2d,baseline,64,512,8,cpu,0.05234903283417225
49,fmnist_2c2d,baseline,64,512,9,cpu,0.05189100746065378
50,fmnist_2c2d,baseline,256,512,0,cpu,0.05240864353254437
51,fmnist_2c2d,baseline,256,512,1,cpu,0.052060330752283335
52,fmnist_2c2d,baseline,256,512,2,cpu,0.052531898021698
53,fmnist_2c2d,baseline,256,512,3,cpu,0.052618611138314016
54,fmnist_2c2d,baseline,256,512,4,cpu,0.0523194894194603
55,fmnist_2c2d,baseline,256,512,5,cpu,0.05258178757503629
56,fmnist_2c2d,baseline,256,512,6,cpu,0.05270162271335721
57,fmnist_2c2d,baseline,256,512,7,cpu,0.05266161123290658
58,fmnist_2c2d,baseline,256,512,8,cpu,0.05263809533789754
59,fmnist_2c2d,baseline,256,512,9,cpu,0.05236887140199542
60,fmnist_2c2d,economy,1,512,0,cpu,2.1272441036999226
61,fmnist_2c2d,economy,1,512,1,cpu,2.1271046809852123
62,fmnist_2c2d,economy,1,512,2,cpu,2.1226735366508365
63,fmnist_2c2d,economy,1,512,3,cpu,2.1248443038202818
64,fmnist_2c2d,economy,1,512,4,cpu,2.120758111122996
65,fmnist_2c2d,economy,1,512,5,cpu,2.127242704387754
66,fmnist_2c2d,economy,1,512,6,cpu,2.1273084464482963
67,fmnist_2c2d,economy,1,512,7,cpu,2.1293784640729427
68,fmnist_2c2d,economy,1,512,8,cpu,2.1275973445735867
69,fmnist_2c2d,economy,1,512,9,cpu,2.1338293836452067
70,fmnist_2c2d,economy,4,512,0,cpu,0.607320936396718
71,fmnist_2c2d,economy,4,512,1,cpu,0.607368309982121
72,fmnist_2c2d,economy,4,512,2,cpu,0.607658111024648
73,fmnist_2c2d,economy,4,512,3,cpu,0.6106636226177216
74,fmnist_2c2d,economy,4,512,4,cpu,0.6101528429426253
75,fmnist_2c2d,economy,4,512,5,cpu,0.6111144996248186
76,fmnist_2c2d,economy,4,512,6,cpu,0.6068070577457547
77,fmnist_2c2d,economy,4,512,7,cpu,0.6075052199885249
78,fmnist_2c2d,economy,4,512,8,cpu,0.6068874518387021
79,fmnist_2c2d,economy,4,512,9,cpu,0.6070037269964814
80,fmnist_2c2d,economy,16,512,0,cpu,0.1915310500189662
81,fmnist_2c2d,economy,16,512,1,cpu,0.19136418588459486
82,fmnist_2c2d,economy,16,512,2,cpu,0.19125349773094047
83,fmnist_2c2d,economy,16,512,3,cpu,0.19122747564688325
84,fmnist_2c2d,economy,16,512,4,cpu,0.1906292168423533
85,fmnist_2c2d,economy,16,512,5,cpu,0.19049223279580474
86,fmnist_2c2d,economy,16,512,6,cpu,0.19062750227749348
87,fmnist_2c2d,economy,16,512,7,cpu,0.19087642151862386
88,fmnist_2c2d,economy,16,512,8,cpu,0.1917171129025519
89,fmnist_2c2d,economy,16,512,9,cpu,0.19156756112352014
90,fmnist_2c2d,economy,64,512,0,cpu,0.08716271771118045
91,fmnist_2c2d,economy,64,512,1,cpu,0.08751989575102925
92,fmnist_2c2d,economy,64,512,2,cpu,0.08810253906995058
93,fmnist_2c2d,economy,64,512,3,cpu,0.08701430773362517
94,fmnist_2c2d,economy,64,512,4,cpu,0.08685792330652475
95,fmnist_2c2d,economy,64,512,5,cpu,0.08726736065000296
96,fmnist_2c2d,economy,64,512,6,cpu,0.08692832477390766
97,fmnist_2c2d,economy,64,512,7,cpu,0.08720147423446177
98,fmnist_2c2d,economy,64,512,8,cpu,0.08746778080239892
99,fmnist_2c2d,economy,64,512,9,cpu,0.08724947739392519
100,fmnist_2c2d,economy,256,512,0,cpu,0.0608722404576838
101,fmnist_2c2d,economy,256,512,1,cpu,0.06165912840515375
102,fmnist_2c2d,economy,256,512,2,cpu,0.06176949525251985
103,fmnist_2c2d,economy,256,512,3,cpu,0.061954393982887275
104,fmnist_2c2d,economy,256,512,4,cpu,0.06155757419764996
105,fmnist_2c2d,economy,256,512,5,cpu,0.0619936753064394
106,fmnist_2c2d,economy,256,512,6,cpu,0.061419552192091935
107,fmnist_2c2d,economy,256,512,7,cpu,0.06136701116338372
108,fmnist_2c2d,economy,256,512,8,cpu,0.061844580806791775
109,fmnist_2c2d,economy,256,512,9,cpu,0.06122259562835097
110,fmnist_2c2d,business,1,512,0,cpu,2.8737135860137637
111,fmnist_2c2d,business,1,512,1,cpu,2.979085488244891
112,fmnist_2c2d,business,1,512,2,cpu,3.016591559629888
113,fmnist_2c2d,business,1,512,3,cpu,3.012369828764349
114,fmnist_2c2d,business,1,512,4,cpu,3.0070766783319414
115,fmnist_2c2d,business,1,512,5,cpu,3.0131629072129726
116,fmnist_2c2d,business,1,512,6,cpu,2.998458495363593
117,fmnist_2c2d,business,1,512,7,cpu,3.0041659148409963
118,fmnist_2c2d,business,1,512,8,cpu,3.004938730970025
119,fmnist_2c2d,business,1,512,9,cpu,2.9969297097995877
120,fmnist_2c2d,business,4,512,0,cpu,0.8284241654910147
121,fmnist_2c2d,business,4,512,1,cpu,0.8258799687027931
122,fmnist_2c2d,business,4,512,2,cpu,0.8321394738741219
123,fmnist_2c2d,business,4,512,3,cpu,0.8322756104171276
124,fmnist_2c2d,business,4,512,4,cpu,0.8270696802064776
125,fmnist_2c2d,business,4,512,5,cpu,0.8292465563863516
126,fmnist_2c2d,business,4,512,6,cpu,0.8257146845571697
127,fmnist_2c2d,business,4,512,7,cpu,0.8253620723262429
128,fmnist_2c2d,business,4,512,8,cpu,0.8257001917809248
129,fmnist_2c2d,business,4,512,9,cpu,0.8180800001136959
130,fmnist_2c2d,business,16,512,0,cpu,0.2442418201826513
131,fmnist_2c2d,business,16,512,1,cpu,0.2470445637591183
132,fmnist_2c2d,business,16,512,2,cpu,0.2470133760944009
133,fmnist_2c2d,business,16,512,3,cpu,0.2465720470063389
134,fmnist_2c2d,business,16,512,4,cpu,0.2453105337917805
135,fmnist_2c2d,business,16,512,5,cpu,0.2454877952113748
136,fmnist_2c2d,business,16,512,6,cpu,0.24479025835171345
137,fmnist_2c2d,business,16,512,7,cpu,0.2452072575688362
138,fmnist_2c2d,business,16,512,8,cpu,0.24485929822549224
139,fmnist_2c2d,business,16,512,9,cpu,0.24351649498566985
140,fmnist_2c2d,business,64,512,0,cpu,0.10092801135033368
141,fmnist_2c2d,business,64,512,1,cpu,0.10034599713981153
142,fmnist_2c2d,business,64,512,2,cpu,0.10022361390292643
143,fmnist_2c2d,business,64,512,3,cpu,0.10041363816708326
144,fmnist_2c2d,business,64,512,4,cpu,0.10064111137762666
145,fmnist_2c2d,business,64,512,5,cpu,0.10092691238969564
146,fmnist_2c2d,business,64,512,6,cpu,0.10056079039350152
147,fmnist_2c2d,business,64,512,7,cpu,0.10101040964946152
148,fmnist_2c2d,business,64,512,8,cpu,0.10058707930147648
149,fmnist_2c2d,business,64,512,9,cpu,0.10059689497575164
150,fmnist_2c2d,business,256,512,0,cpu,0.06498786713927984
151,fmnist_2c2d,business,256,512,1,cpu,0.06444154120981692
152,fmnist_2c2d,business,256,512,2,cpu,0.06473976653069258
153,fmnist_2c2d,business,256,512,3,cpu,0.06492280261591077
154,fmnist_2c2d,business,256,512,4,cpu,0.06468974519520998
155,fmnist_2c2d,business,256,512,5,cpu,0.06459471210837364
156,fmnist_2c2d,business,256,512,6,cpu,0.06448619021102786
157,fmnist_2c2d,business,256,512,7,cpu,0.06468676263466477
158,fmnist_2c2d,business,256,512,8,cpu,0.06423543626442553
159,fmnist_2c2d,business,256,512,9,cpu,0.06454505771398544
160,fmnist_2c2d,full,1,512,0,cpu,16.408300549723208
161,fmnist_2c2d,full,1,512,1,cpu,16.48834109166637
162,fmnist_2c2d,full,1,512,2,cpu,14.962588145397605
163,fmnist_2c2d,full,1,512,3,cpu,16.569051616359502
164,fmnist_2c2d,full,1,512,4,cpu,15.974964848253874
165,fmnist_2c2d,full,1,512,5,cpu,14.620512773282824
166,fmnist_2c2d,full,1,512,6,cpu,14.302098057232795
167,fmnist_2c2d,full,1,512,7,cpu,16.174057595897466
168,fmnist_2c2d,full,1,512,8,cpu,16.820084842853248
169,fmnist_2c2d,full,1,512,9,cpu,15.480782667174935
170,fmnist_2c2d,full,4,512,0,cpu,4.173046563751996
171,fmnist_2c2d,full,4,512,1,cpu,4.3199006910435855
172,fmnist_2c2d,full,4,512,2,cpu,3.891710305120796
173,fmnist_2c2d,full,4,512,3,cpu,4.220052295830101
174,fmnist_2c2d,full,4,512,4,cpu,4.026437199208885
175,fmnist_2c2d,full,4,512,5,cpu,3.693021289072931
176,fmnist_2c2d,full,4,512,6,cpu,3.583440945483744
177,fmnist_2c2d,full,4,512,7,cpu,4.241540256887674
178,fmnist_2c2d,full,4,512,8,cpu,4.257084185723215
179,fmnist_2c2d,full,4,512,9,cpu,3.9804871077649295
180,fmnist_2c2d,full,16,512,0,cpu,1.0435037398710847
181,fmnist_2c2d,full,16,512,1,cpu,1.1273449310101569
182,fmnist_2c2d,full,16,512,2,cpu,0.9655736451968551
183,fmnist_2c2d,full,16,512,3,cpu,1.0836698007769883
184,fmnist_2c2d,full,16,512,4,cpu,0.9787194388918579
185,fmnist_2c2d,full,16,512,5,cpu,0.9474377501755953
186,fmnist_2c2d,full,16,512,6,cpu,0.965808083768934
187,fmnist_2c2d,full,16,512,7,cpu,1.0895330924540758
188,fmnist_2c2d,full,16,512,8,cpu,1.065672422759235
189,fmnist_2c2d,full,16,512,9,cpu,1.0639876620844007
190,fmnist_2c2d,full,64,512,0,cpu,0.2923323540017009
191,fmnist_2c2d,full,64,512,1,cpu,0.3315718504600227
192,fmnist_2c2d,full,64,512,2,cpu,0.27865831973031163
193,fmnist_2c2d,full,64,512,3,cpu,0.32344959396868944
194,fmnist_2c2d,full,64,512,4,cpu,0.278308336623013
195,fmnist_2c2d,full,64,512,5,cpu,0.27376649249345064
196,fmnist_2c2d,full,64,512,6,cpu,0.26518535474315286
197,fmnist_2c2d,full,64,512,7,cpu,0.3094831616617739
198,fmnist_2c2d,full,64,512,8,cpu,0.2869050344452262
199,fmnist_2c2d,full,64,512,9,cpu,0.2927719005383551
