# {'commit': {'author_time': '2020-11-09T20:06:20+01:00',
#             'branch': 'sec-benchmark',
#             'dirty': True,
#             'id': '396c41a8c63b488b4d8005e413ff367782788450',
#             'project': 'backboard',
#             'time': '2020-11-09T20:06:20+01:00'},
#  'gpu': {'CUDA Version': '11.0', 'Product Name': 'GeForce RTX 2080 Ti'},
#  'machine': {'cpu': {'brand': 'unknown',
#                      'hardware': 'unknown',
#                      'vendor_id': 'unknown'},
#              'machine': 'x86_64',
#              'processor': 'x86_64',
#              'python_build': ('default', 'Jan  8 2020 19:59:22'),
#              'python_compiler': 'GCC 7.3.0',
#              'python_implementation': 'CPython',
#              'python_implementation_version': '3.7.6',
#              'python_version': '3.7.6',
#              'release': '5.4.0-52-generic',
#              'system': 'Linux'}}
,testproblem,quantities,track_interval,steps,random_seed,device,time_per_step
0,mnist_logreg,full,256,512,0,cpu,0.00809627864509821
1,mnist_logreg,full,256,512,1,cpu,0.007984893396496773
2,mnist_logreg,full,256,512,2,cpu,0.007910031825304031
3,mnist_logreg,full,256,512,3,cpu,0.008041009772568941
4,mnist_logreg,full,256,512,4,cpu,0.008000545669347048
5,mnist_logreg,full,256,512,5,cpu,0.008012265432626009
6,mnist_logreg,full,256,512,6,cpu,0.008040110114961863
7,mnist_logreg,full,256,512,7,cpu,0.008024845737963915
8,mnist_logreg,full,256,512,8,cpu,0.008028368465602398
9,mnist_logreg,full,256,512,9,cpu,0.00790973799303174
10,mnist_logreg,baseline,1,512,0,cpu,0.007715828251093627
11,mnist_logreg,baseline,1,512,1,cpu,0.007786282338202
12,mnist_logreg,baseline,1,512,2,cpu,0.007724754977971315
13,mnist_logreg,baseline,1,512,3,cpu,0.007699877955019473
14,mnist_logreg,baseline,1,512,4,cpu,0.007626213598996402
15,mnist_logreg,baseline,1,512,5,cpu,0.0077083706855773934
16,mnist_logreg,baseline,1,512,6,cpu,0.007634276989847422
17,mnist_logreg,baseline,1,512,7,cpu,0.007767842151224612
18,mnist_logreg,baseline,1,512,8,cpu,0.007752230390906335
19,mnist_logreg,baseline,1,512,9,cpu,0.0077089075930416575
20,mnist_logreg,baseline,4,512,0,cpu,0.007662500720471144
21,mnist_logreg,baseline,4,512,1,cpu,0.007682695984840394
22,mnist_logreg,baseline,4,512,2,cpu,0.007769398856908083
23,mnist_logreg,baseline,4,512,3,cpu,0.007751502096652985
24,mnist_logreg,baseline,4,512,4,cpu,0.00767145399004221
25,mnist_logreg,baseline,4,512,5,cpu,0.007716076914221048
26,mnist_logreg,baseline,4,512,6,cpu,0.007741138804703952
27,mnist_logreg,baseline,4,512,7,cpu,0.007705938071012497
28,mnist_logreg,baseline,4,512,8,cpu,0.0076499232091009626
29,mnist_logreg,baseline,4,512,9,cpu,0.007630893029272556
30,mnist_logreg,baseline,16,512,0,cpu,0.007631119340658188
31,mnist_logreg,baseline,16,512,1,cpu,0.007730723824352027
32,mnist_logreg,baseline,16,512,2,cpu,0.007814266718924046
33,mnist_logreg,baseline,16,512,3,cpu,0.0076806084252893925
34,mnist_logreg,baseline,16,512,4,cpu,0.007669473532587291
35,mnist_logreg,baseline,16,512,5,cpu,0.007689510937780142
36,mnist_logreg,baseline,16,512,6,cpu,0.007686709053814411
37,mnist_logreg,baseline,16,512,7,cpu,0.00765381520614028
38,mnist_logreg,baseline,16,512,8,cpu,0.007675745524466038
39,mnist_logreg,baseline,16,512,9,cpu,0.007681502029299736
40,mnist_logreg,baseline,64,512,0,cpu,0.007659204304218292
41,mnist_logreg,baseline,64,512,1,cpu,0.007697415538132191
42,mnist_logreg,baseline,64,512,2,cpu,0.007610616739839315
43,mnist_logreg,baseline,64,512,3,cpu,0.007656036876142025
44,mnist_logreg,baseline,64,512,4,cpu,0.007670198101550341
45,mnist_logreg,baseline,64,512,5,cpu,0.007665083277970552
46,mnist_logreg,baseline,64,512,6,cpu,0.007663221564143895
47,mnist_logreg,baseline,64,512,7,cpu,0.0076643829233944425
48,mnist_logreg,baseline,64,512,8,cpu,0.007652764208614826
49,mnist_logreg,baseline,64,512,9,cpu,0.007675369270145894
50,mnist_logreg,baseline,256,512,0,cpu,0.0076500121504068375
51,mnist_logreg,baseline,256,512,1,cpu,0.007598835043609142
52,mnist_logreg,baseline,256,512,2,cpu,0.0076276077888906
53,mnist_logreg,baseline,256,512,3,cpu,0.007626200560480356
54,mnist_logreg,baseline,256,512,4,cpu,0.007627769373357295
55,mnist_logreg,baseline,256,512,5,cpu,0.007645864505320787
56,mnist_logreg,baseline,256,512,6,cpu,0.00768949370831251
57,mnist_logreg,baseline,256,512,7,cpu,0.008229499217122793
58,mnist_logreg,baseline,256,512,8,cpu,0.007697941269725561
59,mnist_logreg,baseline,256,512,9,cpu,0.007674637716263533
60,mnist_logreg,economy,1,512,0,cpu,0.013561786152422428
61,mnist_logreg,economy,1,512,1,cpu,0.01344570517539978
62,mnist_logreg,economy,1,512,2,cpu,0.01470898650586605
63,mnist_logreg,economy,1,512,3,cpu,0.015368891414254904
64,mnist_logreg,economy,1,512,4,cpu,0.013529508374631405
65,mnist_logreg,economy,1,512,5,cpu,0.01340834517031908
66,mnist_logreg,economy,1,512,6,cpu,0.013553942553699017
67,mnist_logreg,economy,1,512,7,cpu,0.013747672084718943
68,mnist_logreg,economy,1,512,8,cpu,0.014668937772512436
69,mnist_logreg,economy,1,512,9,cpu,0.01531725749373436
70,mnist_logreg,economy,4,512,0,cpu,0.010263347532600164
71,mnist_logreg,economy,4,512,1,cpu,0.009210979100316763
72,mnist_logreg,economy,4,512,2,cpu,0.009355165995657444
73,mnist_logreg,economy,4,512,3,cpu,0.009177849628031254
74,mnist_logreg,economy,4,512,4,cpu,0.009359932970255613
75,mnist_logreg,economy,4,512,5,cpu,0.010339975357055664
76,mnist_logreg,economy,4,512,6,cpu,0.010943789966404438
77,mnist_logreg,economy,4,512,7,cpu,0.010856319218873978
78,mnist_logreg,economy,4,512,8,cpu,0.01085743773728609
79,mnist_logreg,economy,4,512,9,cpu,0.010814041830599308
80,mnist_logreg,economy,16,512,0,cpu,0.008269330020993948
81,mnist_logreg,economy,16,512,1,cpu,0.008121527265757322
82,mnist_logreg,economy,16,512,2,cpu,0.008286532945930958
83,mnist_logreg,economy,16,512,3,cpu,0.008134765550494194
84,mnist_logreg,economy,16,512,4,cpu,0.008132233750075102
85,mnist_logreg,economy,16,512,5,cpu,0.00811268761754036
86,mnist_logreg,economy,16,512,6,cpu,0.008111664094030857
87,mnist_logreg,economy,16,512,7,cpu,0.008111281786113977
88,mnist_logreg,economy,16,512,8,cpu,0.008095601573586464
89,mnist_logreg,economy,16,512,9,cpu,0.00798801751807332
90,mnist_logreg,economy,64,512,0,cpu,0.0077103604562580585
91,mnist_logreg,economy,64,512,1,cpu,0.007726069539785385
92,mnist_logreg,economy,64,512,2,cpu,0.007728229276835918
93,mnist_logreg,economy,64,512,3,cpu,0.0077179353684186935
94,mnist_logreg,economy,64,512,4,cpu,0.007901208475232124
95,mnist_logreg,economy,64,512,5,cpu,0.007721969857811928
96,mnist_logreg,economy,64,512,6,cpu,0.007730272598564625
97,mnist_logreg,economy,64,512,7,cpu,0.007729596458375454
98,mnist_logreg,economy,64,512,8,cpu,0.008134039584547281
99,mnist_logreg,economy,64,512,9,cpu,0.008328694384545088
100,mnist_logreg,economy,256,512,0,cpu,0.007759280037134886
101,mnist_logreg,economy,256,512,1,cpu,0.007724991999566555
102,mnist_logreg,economy,256,512,2,cpu,0.00764022720977664
103,mnist_logreg,economy,256,512,3,cpu,0.007633336819708347
104,mnist_logreg,economy,256,512,4,cpu,0.007640548050403595
105,mnist_logreg,economy,256,512,5,cpu,0.007630730047821999
106,mnist_logreg,economy,256,512,6,cpu,0.007643398828804493
107,mnist_logreg,economy,256,512,7,cpu,0.007640521973371506
108,mnist_logreg,economy,256,512,8,cpu,0.007638547103852034
109,mnist_logreg,economy,256,512,9,cpu,0.007863068021833897
110,mnist_logreg,business,1,512,0,cpu,0.014474571216851473
111,mnist_logreg,business,1,512,1,cpu,0.014571150299161673
112,mnist_logreg,business,1,512,2,cpu,0.014488358050584793
113,mnist_logreg,business,1,512,3,cpu,0.014484374783933163
114,mnist_logreg,business,1,512,4,cpu,0.014521479606628418
115,mnist_logreg,business,1,512,5,cpu,0.014532513916492462
116,mnist_logreg,business,1,512,6,cpu,0.0145110166631639
117,mnist_logreg,business,1,512,7,cpu,0.014701970852911472
118,mnist_logreg,business,1,512,8,cpu,0.014472360722720623
119,mnist_logreg,business,1,512,9,cpu,0.014524928294122219
120,mnist_logreg,business,4,512,0,cpu,0.00959729589521885
121,mnist_logreg,business,4,512,1,cpu,0.009634849149733782
122,mnist_logreg,business,4,512,2,cpu,0.009587623178958893
123,mnist_logreg,business,4,512,3,cpu,0.009582179132848978
124,mnist_logreg,business,4,512,4,cpu,0.00956750800833106
125,mnist_logreg,business,4,512,5,cpu,0.009549373760819435
126,mnist_logreg,business,4,512,6,cpu,0.009541776031255722
127,mnist_logreg,business,4,512,7,cpu,0.009583115112036467
128,mnist_logreg,business,4,512,8,cpu,0.009579011239111423
129,mnist_logreg,business,4,512,9,cpu,0.009666759986430407
130,mnist_logreg,business,16,512,0,cpu,0.008104292210191488
131,mnist_logreg,business,16,512,1,cpu,0.008097210433334112
132,mnist_logreg,business,16,512,2,cpu,0.008077138103544712
133,mnist_logreg,business,16,512,3,cpu,0.008087194990366697
134,mnist_logreg,business,16,512,4,cpu,0.008078893646597862
135,mnist_logreg,business,16,512,5,cpu,0.008097848854959011
136,mnist_logreg,business,16,512,6,cpu,0.008126502856612206
137,mnist_logreg,business,16,512,7,cpu,0.008102952037006617
138,mnist_logreg,business,16,512,8,cpu,0.008082389365881681
139,mnist_logreg,business,16,512,9,cpu,0.008092163130640984
140,mnist_logreg,business,64,512,0,cpu,0.007747353054583073
141,mnist_logreg,business,64,512,1,cpu,0.007746055256575346
142,mnist_logreg,business,64,512,2,cpu,0.007761058863252401
143,mnist_logreg,business,64,512,3,cpu,0.007777517661452293
144,mnist_logreg,business,64,512,4,cpu,0.0077687473967671394
145,mnist_logreg,business,64,512,5,cpu,0.0077498978935182095
146,mnist_logreg,business,64,512,6,cpu,0.007749893236905336
147,mnist_logreg,business,64,512,7,cpu,0.0077479444444179535
148,mnist_logreg,business,64,512,8,cpu,0.0077542453072965145
149,mnist_logreg,business,64,512,9,cpu,0.00774545781314373
150,mnist_logreg,business,256,512,0,cpu,0.007720600813627243
151,mnist_logreg,business,256,512,1,cpu,0.007793633732944727
152,mnist_logreg,business,256,512,2,cpu,0.008103275671601295
153,mnist_logreg,business,256,512,3,cpu,0.007816432509571314
154,mnist_logreg,business,256,512,4,cpu,0.007790000177919865
155,mnist_logreg,business,256,512,5,cpu,0.007810427341610193
156,mnist_logreg,business,256,512,6,cpu,0.007816104218363762
157,mnist_logreg,business,256,512,7,cpu,0.00782008795067668
158,mnist_logreg,business,256,512,8,cpu,0.007726405281573534
159,mnist_logreg,business,256,512,9,cpu,0.00766859482973814
160,mnist_logreg,full,1,512,0,cpu,0.054583399556577206
161,mnist_logreg,full,1,512,1,cpu,0.0608954131603241
162,mnist_logreg,full,1,512,2,cpu,0.06254304759204388
163,mnist_logreg,full,1,512,3,cpu,0.06219090288504958
164,mnist_logreg,full,1,512,4,cpu,0.06209336407482624
165,mnist_logreg,full,1,512,5,cpu,0.06355387670919299
166,mnist_logreg,full,1,512,6,cpu,0.06030753022059798
167,mnist_logreg,full,1,512,7,cpu,0.06357673043385148
168,mnist_logreg,full,1,512,8,cpu,0.06330129178240895
169,mnist_logreg,full,1,512,9,cpu,0.06256973091512918
170,mnist_logreg,full,4,512,0,cpu,0.020233748480677605
171,mnist_logreg,full,4,512,1,cpu,0.01987319625914097
172,mnist_logreg,full,4,512,2,cpu,0.019614832941442728
173,mnist_logreg,full,4,512,3,cpu,0.01982680195942521
174,mnist_logreg,full,4,512,4,cpu,0.01996826706454158
175,mnist_logreg,full,4,512,5,cpu,0.01994708552956581
176,mnist_logreg,full,4,512,6,cpu,0.019917152356356382
177,mnist_logreg,full,4,512,7,cpu,0.01995432609692216
178,mnist_logreg,full,4,512,8,cpu,0.019865100737661123
179,mnist_logreg,full,4,512,9,cpu,0.01974770985543728
180,mnist_logreg,full,16,512,0,cpu,0.010853128973394632
181,mnist_logreg,full,16,512,1,cpu,0.010740653146058321
182,mnist_logreg,full,16,512,2,cpu,0.010701671708375216
183,mnist_logreg,full,16,512,3,cpu,0.01069864397868514
184,mnist_logreg,full,16,512,4,cpu,0.010699404869228601
185,mnist_logreg,full,16,512,5,cpu,0.010789921041578054
186,mnist_logreg,full,16,512,6,cpu,0.010710502043366432
187,mnist_logreg,full,16,512,7,cpu,0.010729428846389055
188,mnist_logreg,full,16,512,8,cpu,0.01139987912029028
189,mnist_logreg,full,16,512,9,cpu,0.011777821462601423
190,mnist_logreg,full,64,512,0,cpu,0.008491532411426306
191,mnist_logreg,full,64,512,1,cpu,0.008502389770001173
192,mnist_logreg,full,64,512,2,cpu,0.008532861713320017
193,mnist_logreg,full,64,512,3,cpu,0.008499776478856802
194,mnist_logreg,full,64,512,4,cpu,0.008585948497056961
195,mnist_logreg,full,64,512,5,cpu,0.008500183001160622
196,mnist_logreg,full,64,512,6,cpu,0.00850560748949647
197,mnist_logreg,full,64,512,7,cpu,0.008437645621597767
198,mnist_logreg,full,64,512,8,cpu,0.008433804847300053
199,mnist_logreg,full,64,512,9,cpu,0.008428838104009628
