# {'commit': {'author_time': '2020-11-05T12:50:50+01:00',
#             'branch': 'exp01-benchmark',
#             'dirty': True,
#             'id': '5725fd47e65da3d085feecd5654e945bb810c3e4',
#             'project': 'backboard',
#             'time': '2020-11-05T12:50:50+01:00'},
#  'gpu': {'CUDA Version': '11.0', 'Product Name': 'GeForce RTX 2080 Ti'},
#  'machine': {'cpu': {'brand': 'unknown',
#                      'hardware': 'unknown',
#                      'vendor_id': 'unknown'},
#              'machine': 'x86_64',
#              'processor': 'x86_64',
#              'python_build': ('default', 'Jan  8 2020 19:59:22'),
#              'python_compiler': 'GCC 7.3.0',
#              'python_implementation': 'CPython',
#              'python_implementation_version': '3.7.6',
#              'python_version': '3.7.6',
#              'release': '5.4.0-52-generic',
#              'system': 'Linux'}}
,testproblem,quantities,track_interval,steps,random_seed,device,time_per_step
0,mnist_logreg,baseline,1,512,0,cuda,0.007958348374813795
1,mnist_logreg,baseline,1,512,1,cuda,0.0079689621925354
2,mnist_logreg,baseline,1,512,2,cuda,0.007971548940986395
3,mnist_logreg,baseline,1,512,3,cuda,0.00798587454482913
4,mnist_logreg,baseline,1,512,4,cuda,0.007995439227670431
5,mnist_logreg,baseline,1,512,5,cuda,0.007964618969708681
6,mnist_logreg,baseline,1,512,6,cuda,0.008007649332284927
7,mnist_logreg,baseline,1,512,7,cuda,0.007966292556375265
8,mnist_logreg,baseline,1,512,8,cuda,0.00800247024744749
9,mnist_logreg,baseline,1,512,9,cuda,0.007985593285411596
10,mnist_logreg,baseline,4,512,0,cuda,0.008078879211097956
11,mnist_logreg,baseline,4,512,1,cuda,0.008071680087596178
12,mnist_logreg,baseline,4,512,2,cuda,0.008067076560109854
13,mnist_logreg,baseline,4,512,3,cuda,0.008063323330134153
14,mnist_logreg,baseline,4,512,4,cuda,0.008055537473410368
15,mnist_logreg,baseline,4,512,5,cuda,0.008080399129539728
16,mnist_logreg,baseline,4,512,6,cuda,0.008089583832770586
17,mnist_logreg,baseline,4,512,7,cuda,0.008081441279500723
18,mnist_logreg,baseline,4,512,8,cuda,0.008068515453487635
19,mnist_logreg,baseline,4,512,9,cuda,0.008074717130511999
20,mnist_logreg,baseline,16,512,0,cuda,0.008075828198343515
21,mnist_logreg,baseline,16,512,1,cuda,0.00806065322831273
22,mnist_logreg,baseline,16,512,2,cuda,0.008068860042840242
23,mnist_logreg,baseline,16,512,3,cuda,0.008066919632256031
24,mnist_logreg,baseline,16,512,4,cuda,0.008067982736974955
25,mnist_logreg,baseline,16,512,5,cuda,0.008082305546849966
26,mnist_logreg,baseline,16,512,6,cuda,0.008475420530885458
27,mnist_logreg,baseline,16,512,7,cuda,0.008082997519522905
28,mnist_logreg,baseline,16,512,8,cuda,0.00809507630765438
29,mnist_logreg,baseline,16,512,9,cuda,0.008075071964412928
30,mnist_logreg,baseline,64,512,0,cuda,0.00808046292513609
31,mnist_logreg,baseline,64,512,1,cuda,0.008057487197220325
32,mnist_logreg,baseline,64,512,2,cuda,0.008060477674007416
33,mnist_logreg,baseline,64,512,3,cuda,0.008065430913120508
34,mnist_logreg,baseline,64,512,4,cuda,0.00807656953111291
35,mnist_logreg,baseline,64,512,5,cuda,0.008089667651802301
36,mnist_logreg,baseline,64,512,6,cuda,0.008066220674663782
37,mnist_logreg,baseline,64,512,7,cuda,0.008070847019553185
38,mnist_logreg,baseline,64,512,8,cuda,0.008057631552219391
39,mnist_logreg,baseline,64,512,9,cuda,0.008078747894614935
40,mnist_logreg,baseline,256,512,0,cuda,0.0080846450291574
41,mnist_logreg,baseline,256,512,1,cuda,0.008071201387792826
42,mnist_logreg,baseline,256,512,2,cuda,0.008061468601226807
43,mnist_logreg,baseline,256,512,3,cuda,0.008072543889284134
44,mnist_logreg,baseline,256,512,4,cuda,0.008067278657108545
45,mnist_logreg,baseline,256,512,5,cuda,0.0081006595864892
46,mnist_logreg,baseline,256,512,6,cuda,0.008075779303908348
47,mnist_logreg,baseline,256,512,7,cuda,0.008086682297289371
48,mnist_logreg,baseline,256,512,8,cuda,0.00810084119439125
49,mnist_logreg,baseline,256,512,9,cuda,0.008072140626609325
50,mnist_logreg,economy,1,512,0,cuda,0.013329284731298685
51,mnist_logreg,economy,1,512,1,cuda,0.012799718882888556
52,mnist_logreg,economy,1,512,2,cuda,0.012271967250853777
53,mnist_logreg,economy,1,512,3,cuda,0.012608997989445925
54,mnist_logreg,economy,1,512,4,cuda,0.012606415897607803
55,mnist_logreg,economy,1,512,5,cuda,0.012567553669214249
56,mnist_logreg,economy,1,512,6,cuda,0.012579509522765875
57,mnist_logreg,economy,1,512,7,cuda,0.012448880821466446
58,mnist_logreg,economy,1,512,8,cuda,0.012463041115552187
59,mnist_logreg,economy,1,512,9,cuda,0.01263884361833334
60,mnist_logreg,economy,4,512,0,cuda,0.010212046094238758
61,mnist_logreg,economy,4,512,1,cuda,0.010212974157184362
62,mnist_logreg,economy,4,512,2,cuda,0.010220227297395468
63,mnist_logreg,economy,4,512,3,cuda,0.010321268811821938
64,mnist_logreg,economy,4,512,4,cuda,0.010227353312075138
65,mnist_logreg,economy,4,512,5,cuda,0.009806535206735134
66,mnist_logreg,economy,4,512,6,cuda,0.010299846064299345
67,mnist_logreg,economy,4,512,7,cuda,0.010004857089370489
68,mnist_logreg,economy,4,512,8,cuda,0.00995695125311613
69,mnist_logreg,economy,4,512,9,cuda,0.00997140584513545
70,mnist_logreg,economy,16,512,0,cuda,0.008460969664156437
71,mnist_logreg,economy,16,512,1,cuda,0.0089560323394835
72,mnist_logreg,economy,16,512,2,cuda,0.00844176346436143
73,mnist_logreg,economy,16,512,3,cuda,0.008412277791649103
74,mnist_logreg,economy,16,512,4,cuda,0.00837776530534029
75,mnist_logreg,economy,16,512,5,cuda,0.008382972329854965
76,mnist_logreg,economy,16,512,6,cuda,0.008384647779166698
77,mnist_logreg,economy,16,512,7,cuda,0.008380929008126259
78,mnist_logreg,economy,16,512,8,cuda,0.008378095459192991
79,mnist_logreg,economy,16,512,9,cuda,0.008627803064882755
80,mnist_logreg,economy,64,512,0,cuda,0.008201918564736843
81,mnist_logreg,economy,64,512,1,cuda,0.008479013573378325
82,mnist_logreg,economy,64,512,2,cuda,0.008640075102448463
83,mnist_logreg,economy,64,512,3,cuda,0.008626626338809729
84,mnist_logreg,economy,64,512,4,cuda,0.00863930955529213
85,mnist_logreg,economy,64,512,5,cuda,0.008651924319565296
86,mnist_logreg,economy,64,512,6,cuda,0.008104017935693264
87,mnist_logreg,economy,64,512,7,cuda,0.008094440679997206
88,mnist_logreg,economy,64,512,8,cuda,0.008113340009003878
89,mnist_logreg,economy,64,512,9,cuda,0.008044080808758736
90,mnist_logreg,economy,256,512,0,cuda,0.008033484686166048
91,mnist_logreg,economy,256,512,1,cuda,0.008032376412302256
92,mnist_logreg,economy,256,512,2,cuda,0.008042247034609318
93,mnist_logreg,economy,256,512,3,cuda,0.008032670710235834
94,mnist_logreg,economy,256,512,4,cuda,0.00803635036572814
95,mnist_logreg,economy,256,512,5,cuda,0.008032390847802162
96,mnist_logreg,economy,256,512,6,cuda,0.008026497904211283
97,mnist_logreg,economy,256,512,7,cuda,0.008044055663049221
98,mnist_logreg,economy,256,512,8,cuda,0.008028700482100248
99,mnist_logreg,economy,256,512,9,cuda,0.008012877777218819
100,mnist_logreg,business,1,512,0,cuda,0.012616586871445179
101,mnist_logreg,business,1,512,1,cuda,0.013819337822496891
102,mnist_logreg,business,1,512,2,cuda,0.014105612877756357
103,mnist_logreg,business,1,512,3,cuda,0.017814363352954388
104,mnist_logreg,business,1,512,4,cuda,0.013881859369575977
105,mnist_logreg,business,1,512,5,cuda,0.013623646926134825
106,mnist_logreg,business,1,512,6,cuda,0.013740262016654015
107,mnist_logreg,business,1,512,7,cuda,0.014123912435024977
108,mnist_logreg,business,1,512,8,cuda,0.014155200216919184
109,mnist_logreg,business,1,512,9,cuda,0.01415535295382142
110,mnist_logreg,business,4,512,0,cuda,0.010784136597067118
111,mnist_logreg,business,4,512,1,cuda,0.010802021250128746
112,mnist_logreg,business,4,512,2,cuda,0.01080853259190917
113,mnist_logreg,business,4,512,3,cuda,0.010661136358976364
114,mnist_logreg,business,4,512,4,cuda,0.010537255089730024
115,mnist_logreg,business,4,512,5,cuda,0.010061901994049549
116,mnist_logreg,business,4,512,6,cuda,0.009449595585465431
117,mnist_logreg,business,4,512,7,cuda,0.009085624478757381
118,mnist_logreg,business,4,512,8,cuda,0.010531828738749027
119,mnist_logreg,business,4,512,9,cuda,0.010531842708587646
120,mnist_logreg,business,16,512,0,cuda,0.00835122400894761
121,mnist_logreg,business,16,512,1,cuda,0.008967290632426739
122,mnist_logreg,business,16,512,2,cuda,0.008701091632246971
123,mnist_logreg,business,16,512,3,cuda,0.009121489711105824
124,mnist_logreg,business,16,512,4,cuda,0.008243747521191835
125,mnist_logreg,business,16,512,5,cuda,0.009184780064970255
126,mnist_logreg,business,16,512,6,cuda,0.010353873949497938
127,mnist_logreg,business,16,512,7,cuda,0.01035258173942566
128,mnist_logreg,business,16,512,8,cuda,0.008535200729966164
129,mnist_logreg,business,16,512,9,cuda,0.009547034744173288
130,mnist_logreg,business,64,512,0,cuda,0.008515073452144861
131,mnist_logreg,business,64,512,1,cuda,0.0085420748218894
132,mnist_logreg,business,64,512,2,cuda,0.008542012888938189
133,mnist_logreg,business,64,512,3,cuda,0.008434795774519444
134,mnist_logreg,business,64,512,4,cuda,0.008114323019981384
135,mnist_logreg,business,64,512,5,cuda,0.008096151053905487
136,mnist_logreg,business,64,512,6,cuda,0.008082698564976454
137,mnist_logreg,business,64,512,7,cuda,0.00807171082124114
138,mnist_logreg,business,64,512,8,cuda,0.00811251113191247
139,mnist_logreg,business,64,512,9,cuda,0.008079083170741796
140,mnist_logreg,business,256,512,0,cuda,0.008014486636966467
141,mnist_logreg,business,256,512,1,cuda,0.00800959998741746
142,mnist_logreg,business,256,512,2,cuda,0.008009977173060179
143,mnist_logreg,business,256,512,3,cuda,0.008008315227925777
144,mnist_logreg,business,256,512,4,cuda,0.008034881670027971
145,mnist_logreg,business,256,512,5,cuda,0.00805187039077282
146,mnist_logreg,business,256,512,6,cuda,0.00802199775353074
147,mnist_logreg,business,256,512,7,cuda,0.008016856852918863
148,mnist_logreg,business,256,512,8,cuda,0.00800061272457242
149,mnist_logreg,business,256,512,9,cuda,0.008010279387235641
150,mnist_logreg,full,1,512,0,cuda,0.11552685918286443
151,mnist_logreg,full,1,512,1,cuda,0.1198433069512248
152,mnist_logreg,full,1,512,2,cuda,0.11670366674661636
153,mnist_logreg,full,1,512,3,cuda,0.11711114458739758
154,mnist_logreg,full,1,512,4,cuda,0.11983683006837964
155,mnist_logreg,full,1,512,5,cuda,0.11886166641488671
156,mnist_logreg,full,1,512,6,cuda,0.11896312143653631
157,mnist_logreg,full,1,512,7,cuda,0.11946691013872623
158,mnist_logreg,full,1,512,8,cuda,0.11889744224026799
159,mnist_logreg,full,1,512,9,cuda,0.11821363493800163
160,mnist_logreg,full,4,512,0,cuda,0.038980269338935614
161,mnist_logreg,full,4,512,1,cuda,0.03568625496700406
162,mnist_logreg,full,4,512,2,cuda,0.03962303185835481
163,mnist_logreg,full,4,512,3,cuda,0.04098373372107744
164,mnist_logreg,full,4,512,4,cuda,0.037102981470525265
165,mnist_logreg,full,4,512,5,cuda,0.04146580025553703
166,mnist_logreg,full,4,512,6,cuda,0.036931192968040705
167,mnist_logreg,full,4,512,7,cuda,0.03548627765849233
168,mnist_logreg,full,4,512,8,cuda,0.035677011590451
169,mnist_logreg,full,4,512,9,cuda,0.03555429866537452
170,mnist_logreg,full,16,512,0,cuda,0.015051022171974182
171,mnist_logreg,full,16,512,1,cuda,0.016658702865242958
172,mnist_logreg,full,16,512,2,cuda,0.017316751647740602
173,mnist_logreg,full,16,512,3,cuda,0.015600720886141062
174,mnist_logreg,full,16,512,4,cuda,0.015065659303218126
175,mnist_logreg,full,16,512,5,cuda,0.014806066639721394
176,mnist_logreg,full,16,512,6,cuda,0.015900789760053158
177,mnist_logreg,full,16,512,7,cuda,0.015629150439053774
178,mnist_logreg,full,16,512,8,cuda,0.01493754517287016
179,mnist_logreg,full,16,512,9,cuda,0.01540242601186037
180,mnist_logreg,full,64,512,0,cuda,0.0096738925203681
181,mnist_logreg,full,64,512,1,cuda,0.00971560413017869
182,mnist_logreg,full,64,512,2,cuda,0.009811312425881624
183,mnist_logreg,full,64,512,3,cuda,0.009705732576549053
184,mnist_logreg,full,64,512,4,cuda,0.009757478255778551
185,mnist_logreg,full,64,512,5,cuda,0.009590668138116598
186,mnist_logreg,full,64,512,6,cuda,0.00965263182297349
187,mnist_logreg,full,64,512,7,cuda,0.009680358693003654
188,mnist_logreg,full,64,512,8,cuda,0.009735001251101494
189,mnist_logreg,full,64,512,9,cuda,0.009698865469545126
190,mnist_logreg,full,256,512,0,cuda,0.008374910801649094
191,mnist_logreg,full,256,512,1,cuda,0.008365797810256481
192,mnist_logreg,full,256,512,2,cuda,0.008416998665779829
193,mnist_logreg,full,256,512,3,cuda,0.008435624651610851
194,mnist_logreg,full,256,512,4,cuda,0.008442807476967573
195,mnist_logreg,full,256,512,5,cuda,0.008383108768612146
196,mnist_logreg,full,256,512,6,cuda,0.008357214275747538
197,mnist_logreg,full,256,512,7,cuda,0.00841380562633276
198,mnist_logreg,full,256,512,8,cuda,0.008374987170100212
199,mnist_logreg,full,256,512,9,cuda,0.008466167841106653
