# {'commit': {'author_time': '2020-11-05T12:50:50+01:00',
#             'branch': 'exp01-benchmark',
#             'dirty': True,
#             'id': '5725fd47e65da3d085feecd5654e945bb810c3e4',
#             'project': 'backboard',
#             'time': '2020-11-05T12:50:50+01:00'},
#  'gpu': {'CUDA Version': '11.0', 'Product Name': 'GeForce RTX 2080 Ti'},
#  'machine': {'cpu': {'brand': 'unknown',
#                      'hardware': 'unknown',
#                      'vendor_id': 'unknown'},
#              'machine': 'x86_64',
#              'processor': 'x86_64',
#              'python_build': ('default', 'Jan  8 2020 19:59:22'),
#              'python_compiler': 'GCC 7.3.0',
#              'python_implementation': 'CPython',
#              'python_implementation_version': '3.7.6',
#              'python_version': '3.7.6',
#              'release': '5.4.0-52-generic',
#              'system': 'Linux'}}
,testproblem,quantities,track_interval,steps,random_seed,device,time_per_step
0,mnist_mlp,baseline,1,512,0,cuda,0.008844924625009298
1,mnist_mlp,baseline,1,512,1,cuda,0.008770322427153587
2,mnist_mlp,baseline,1,512,2,cuda,0.00880336994305253
3,mnist_mlp,baseline,1,512,3,cuda,0.00894912239164114
4,mnist_mlp,baseline,1,512,4,cuda,0.008971282746642828
5,mnist_mlp,baseline,1,512,5,cuda,0.008899779990315437
6,mnist_mlp,baseline,1,512,6,cuda,0.00885436125099659
7,mnist_mlp,baseline,1,512,7,cuda,0.00872712628915906
8,mnist_mlp,baseline,1,512,8,cuda,0.008734385948628187
9,mnist_mlp,baseline,1,512,9,cuda,0.008765645790845156
10,mnist_mlp,baseline,4,512,0,cuda,0.008818106725811958
11,mnist_mlp,baseline,4,512,1,cuda,0.008753773756325245
12,mnist_mlp,baseline,4,512,2,cuda,0.008736199233680964
13,mnist_mlp,baseline,4,512,3,cuda,0.008741955738514662
14,mnist_mlp,baseline,4,512,4,cuda,0.00873761111870408
15,mnist_mlp,baseline,4,512,5,cuda,0.008746076840907335
16,mnist_mlp,baseline,4,512,6,cuda,0.008972798474133015
17,mnist_mlp,baseline,4,512,7,cuda,0.00902628619223833
18,mnist_mlp,baseline,4,512,8,cuda,0.009028114378452301
19,mnist_mlp,baseline,4,512,9,cuda,0.00899638794362545
20,mnist_mlp,baseline,16,512,0,cuda,0.009052336681634188
21,mnist_mlp,baseline,16,512,1,cuda,0.009016320575028658
22,mnist_mlp,baseline,16,512,2,cuda,0.009058528114110231
23,mnist_mlp,baseline,16,512,3,cuda,0.008813339751213789
24,mnist_mlp,baseline,16,512,4,cuda,0.008849023375660181
25,mnist_mlp,baseline,16,512,5,cuda,0.00883011193946004
26,mnist_mlp,baseline,16,512,6,cuda,0.008819997776299715
27,mnist_mlp,baseline,16,512,7,cuda,0.00881606386974454
28,mnist_mlp,baseline,16,512,8,cuda,0.008816639427095652
29,mnist_mlp,baseline,16,512,9,cuda,0.008804483339190483
30,mnist_mlp,baseline,64,512,0,cuda,0.008797886781394482
31,mnist_mlp,baseline,64,512,1,cuda,0.008815163280814886
32,mnist_mlp,baseline,64,512,2,cuda,0.00899652298539877
33,mnist_mlp,baseline,64,512,3,cuda,0.009825823362916708
34,mnist_mlp,baseline,64,512,4,cuda,0.009004056453704834
35,mnist_mlp,baseline,64,512,5,cuda,0.009070802014321089
36,mnist_mlp,baseline,64,512,6,cuda,0.009079350158572197
37,mnist_mlp,baseline,64,512,7,cuda,0.008885995950549841
38,mnist_mlp,baseline,64,512,8,cuda,0.008818446192890406
39,mnist_mlp,baseline,64,512,9,cuda,0.008827243000268936
40,mnist_mlp,baseline,256,512,0,cuda,0.00882122665643692
41,mnist_mlp,baseline,256,512,1,cuda,0.008832125458866358
42,mnist_mlp,baseline,256,512,2,cuda,0.00880825100466609
43,mnist_mlp,baseline,256,512,3,cuda,0.008830233942717314
44,mnist_mlp,baseline,256,512,4,cuda,0.008818577509373426
45,mnist_mlp,baseline,256,512,5,cuda,0.008811268955469131
46,mnist_mlp,baseline,256,512,6,cuda,0.008965184912085533
47,mnist_mlp,baseline,256,512,7,cuda,0.008991397451609373
48,mnist_mlp,baseline,256,512,8,cuda,0.008942850399762392
49,mnist_mlp,baseline,256,512,9,cuda,0.008933356497436762
50,mnist_mlp,economy,1,512,0,cuda,0.04433857882395387
51,mnist_mlp,economy,1,512,1,cuda,0.04429886443540454
52,mnist_mlp,economy,1,512,2,cuda,0.044054046273231506
53,mnist_mlp,economy,1,512,3,cuda,0.04496908327564597
54,mnist_mlp,economy,1,512,4,cuda,0.04541319981217384
55,mnist_mlp,economy,1,512,5,cuda,0.04435287183150649
56,mnist_mlp,economy,1,512,6,cuda,0.04432148393243551
57,mnist_mlp,economy,1,512,7,cuda,0.04482244839891791
58,mnist_mlp,economy,1,512,8,cuda,0.044528267811983824
59,mnist_mlp,economy,1,512,9,cuda,0.04405576130375266
60,mnist_mlp,economy,4,512,0,cuda,0.019074318930506706
61,mnist_mlp,economy,4,512,1,cuda,0.019041316583752632
62,mnist_mlp,economy,4,512,2,cuda,0.018031259067356586
63,mnist_mlp,economy,4,512,3,cuda,0.01865942496806383
64,mnist_mlp,economy,4,512,4,cuda,0.018863209057599306
65,mnist_mlp,economy,4,512,5,cuda,0.018496021628379822
66,mnist_mlp,economy,4,512,6,cuda,0.018306979443877935
67,mnist_mlp,economy,4,512,7,cuda,0.018276854418218136
68,mnist_mlp,economy,4,512,8,cuda,0.01842664461582899
69,mnist_mlp,economy,4,512,9,cuda,0.01850133528932929
70,mnist_mlp,economy,16,512,0,cuda,0.012481938116252422
71,mnist_mlp,economy,16,512,1,cuda,0.011489688884466887
72,mnist_mlp,economy,16,512,2,cuda,0.01180709432810545
73,mnist_mlp,economy,16,512,3,cuda,0.011531021911650896
74,mnist_mlp,economy,16,512,4,cuda,0.01246817922219634
75,mnist_mlp,economy,16,512,5,cuda,0.011997667141258717
76,mnist_mlp,economy,16,512,6,cuda,0.011957219801843166
77,mnist_mlp,economy,16,512,7,cuda,0.01142642879858613
78,mnist_mlp,economy,16,512,8,cuda,0.01159597234800458
79,mnist_mlp,economy,16,512,9,cuda,0.011265756096690893
80,mnist_mlp,economy,64,512,0,cuda,0.00946322176605463
81,mnist_mlp,economy,64,512,1,cuda,0.009385281708091497
82,mnist_mlp,economy,64,512,2,cuda,0.009404564741998911
83,mnist_mlp,economy,64,512,3,cuda,0.00935640325769782
84,mnist_mlp,economy,64,512,4,cuda,0.009387933649122715
85,mnist_mlp,economy,64,512,5,cuda,0.009386944118887186
86,mnist_mlp,economy,64,512,6,cuda,0.009336025454103947
87,mnist_mlp,economy,64,512,7,cuda,0.009292516391724348
88,mnist_mlp,economy,64,512,8,cuda,0.009478152729570866
89,mnist_mlp,economy,64,512,9,cuda,0.009503907524049282
90,mnist_mlp,economy,256,512,0,cuda,0.00900985673069954
91,mnist_mlp,economy,256,512,1,cuda,0.009009859524667263
92,mnist_mlp,economy,256,512,2,cuda,0.00900814589112997
93,mnist_mlp,economy,256,512,3,cuda,0.00900056166574359
94,mnist_mlp,economy,256,512,4,cuda,0.009005900006741285
95,mnist_mlp,economy,256,512,5,cuda,0.009010794572532177
96,mnist_mlp,economy,256,512,6,cuda,0.009343078825622797
97,mnist_mlp,economy,256,512,7,cuda,0.00920583913102746
98,mnist_mlp,economy,256,512,8,cuda,0.009198985062539577
99,mnist_mlp,economy,256,512,9,cuda,0.00920428754761815
100,mnist_mlp,business,1,512,0,cuda,0.05041311215609312
101,mnist_mlp,business,1,512,1,cuda,0.050175109412521124
102,mnist_mlp,business,1,512,2,cuda,0.0508474251255393
103,mnist_mlp,business,1,512,3,cuda,0.052441973239183426
104,mnist_mlp,business,1,512,4,cuda,0.05000047292560339
105,mnist_mlp,business,1,512,5,cuda,0.05319021502509713
106,mnist_mlp,business,1,512,6,cuda,0.050626012962311506
107,mnist_mlp,business,1,512,7,cuda,0.051139114424586296
108,mnist_mlp,business,1,512,8,cuda,0.05341965006664395
109,mnist_mlp,business,1,512,9,cuda,0.051676877308636904
110,mnist_mlp,business,4,512,0,cuda,0.0206940365023911
111,mnist_mlp,business,4,512,1,cuda,0.020286408253014088
112,mnist_mlp,business,4,512,2,cuda,0.019693077076226473
113,mnist_mlp,business,4,512,3,cuda,0.02013372629880905
114,mnist_mlp,business,4,512,4,cuda,0.02039224887266755
115,mnist_mlp,business,4,512,5,cuda,0.020089699886739254
116,mnist_mlp,business,4,512,6,cuda,0.020452863071113825
117,mnist_mlp,business,4,512,7,cuda,0.021009803749620914
118,mnist_mlp,business,4,512,8,cuda,0.021044138353317976
119,mnist_mlp,business,4,512,9,cuda,0.020561598241329193
120,mnist_mlp,business,16,512,0,cuda,0.012327766045928001
121,mnist_mlp,business,16,512,1,cuda,0.011880445759743452
122,mnist_mlp,business,16,512,2,cuda,0.011889788322150707
123,mnist_mlp,business,16,512,3,cuda,0.011959780007600784
124,mnist_mlp,business,16,512,4,cuda,0.011838235892355442
125,mnist_mlp,business,16,512,5,cuda,0.011748353019356728
126,mnist_mlp,business,16,512,6,cuda,0.01197798689827323
127,mnist_mlp,business,16,512,7,cuda,0.011744198855012655
128,mnist_mlp,business,16,512,8,cuda,0.011680463794618845
129,mnist_mlp,business,16,512,9,cuda,0.011727826669812202
130,mnist_mlp,business,64,512,0,cuda,0.009532137773931026
131,mnist_mlp,business,64,512,1,cuda,0.009489939548075199
132,mnist_mlp,business,64,512,2,cuda,0.009670197498053312
133,mnist_mlp,business,64,512,3,cuda,0.009818661026656628
134,mnist_mlp,business,64,512,4,cuda,0.009593290276825428
135,mnist_mlp,business,64,512,5,cuda,0.009890901390463114
136,mnist_mlp,business,64,512,6,cuda,0.009620164521038532
137,mnist_mlp,business,64,512,7,cuda,0.009754248429089785
138,mnist_mlp,business,64,512,8,cuda,0.009606364648789167
139,mnist_mlp,business,64,512,9,cuda,0.009557871147990227
140,mnist_mlp,business,256,512,0,cuda,0.008997810538858175
141,mnist_mlp,business,256,512,1,cuda,0.00898495502769947
142,mnist_mlp,business,256,512,2,cuda,0.00900388602167368
143,mnist_mlp,business,256,512,3,cuda,0.009200181812047958
144,mnist_mlp,business,256,512,4,cuda,0.009131935890763998
145,mnist_mlp,business,256,512,5,cuda,0.009335581678897142
146,mnist_mlp,business,256,512,6,cuda,0.009218324441462755
147,mnist_mlp,business,256,512,7,cuda,0.009163230657577515
148,mnist_mlp,business,256,512,8,cuda,0.009125388693064451
149,mnist_mlp,business,256,512,9,cuda,0.00916026160120964
150,mnist_mlp,full,1,512,0,cuda,1.55524444533512
151,mnist_mlp,full,1,512,1,cuda,1.5582434418611228
152,mnist_mlp,full,1,512,2,cuda,1.5673004733398557
153,mnist_mlp,full,1,512,3,cuda,1.54971141833812
154,mnist_mlp,full,1,512,4,cuda,1.5709648332558572
155,mnist_mlp,full,1,512,5,cuda,1.5567418592981994
156,mnist_mlp,full,1,512,6,cuda,1.5771062970161438
157,mnist_mlp,full,1,512,7,cuda,1.5874140565283597
158,mnist_mlp,full,1,512,8,cuda,1.5793157378211617
159,mnist_mlp,full,1,512,9,cuda,1.5636302148923278
160,mnist_mlp,full,4,512,0,cuda,0.39543737610802054
161,mnist_mlp,full,4,512,1,cuda,0.3988452679477632
162,mnist_mlp,full,4,512,2,cuda,0.3985018888488412
163,mnist_mlp,full,4,512,3,cuda,0.38834085781127214
164,mnist_mlp,full,4,512,4,cuda,0.4041834040544927
165,mnist_mlp,full,4,512,5,cuda,0.3978349710814655
166,mnist_mlp,full,4,512,6,cuda,0.4020037278532982
167,mnist_mlp,full,4,512,7,cuda,0.4008820941671729
168,mnist_mlp,full,4,512,8,cuda,0.4053632109425962
169,mnist_mlp,full,4,512,9,cuda,0.39689598698168993
170,mnist_mlp,full,16,512,0,cuda,0.10477618500590324
171,mnist_mlp,full,16,512,1,cuda,0.10340207256376743
172,mnist_mlp,full,16,512,2,cuda,0.10441038245335221
173,mnist_mlp,full,16,512,3,cuda,0.10508223297074437
174,mnist_mlp,full,16,512,4,cuda,0.10539081506431103
175,mnist_mlp,full,16,512,5,cuda,0.10402403632178903
176,mnist_mlp,full,16,512,6,cuda,0.10777439642697573
177,mnist_mlp,full,16,512,7,cuda,0.10674875602126122
178,mnist_mlp,full,16,512,8,cuda,0.1082714106887579
179,mnist_mlp,full,16,512,9,cuda,0.10614693816751242
180,mnist_mlp,full,64,512,0,cuda,0.03227541875094175
181,mnist_mlp,full,64,512,1,cuda,0.032392365392297506
182,mnist_mlp,full,64,512,2,cuda,0.032453812658786774
183,mnist_mlp,full,64,512,3,cuda,0.03283860860392451
184,mnist_mlp,full,64,512,4,cuda,0.033060137648135424
185,mnist_mlp,full,64,512,5,cuda,0.03372328542172909
186,mnist_mlp,full,64,512,6,cuda,0.03357555903494358
187,mnist_mlp,full,64,512,7,cuda,0.034142672549933195
188,mnist_mlp,full,64,512,8,cuda,0.03344784025102854
189,mnist_mlp,full,64,512,9,cuda,0.03282221872359514
190,mnist_mlp,full,256,512,0,cuda,0.015112803317606449
191,mnist_mlp,full,256,512,1,cuda,0.015214264392852783
192,mnist_mlp,full,256,512,2,cuda,0.015229435171931982
193,mnist_mlp,full,256,512,3,cuda,0.01521787652745843
194,mnist_mlp,full,256,512,4,cuda,0.015111669432371855
195,mnist_mlp,full,256,512,5,cuda,0.015914800111204386
196,mnist_mlp,full,256,512,6,cuda,0.015215225983411074
197,mnist_mlp,full,256,512,7,cuda,0.015824891161173582
198,mnist_mlp,full,256,512,8,cuda,0.015313125681132078
199,mnist_mlp,full,256,512,9,cuda,0.015562456101179123
