# {'commit': {'author_time': '2020-11-09T20:06:20+01:00',
#             'branch': 'sec-benchmark',
#             'dirty': True,
#             'id': '396c41a8c63b488b4d8005e413ff367782788450',
#             'project': 'backboard',
#             'time': '2020-11-09T20:06:20+01:00'},
#  'gpu': {'CUDA Version': '11.0', 'Product Name': 'GeForce RTX 2080 Ti'},
#  'machine': {'cpu': {'brand': 'unknown',
#                      'hardware': 'unknown',
#                      'vendor_id': 'unknown'},
#              'machine': 'x86_64',
#              'processor': 'x86_64',
#              'python_build': ('default', 'Jan  8 2020 19:59:22'),
#              'python_compiler': 'GCC 7.3.0',
#              'python_implementation': 'CPython',
#              'python_implementation_version': '3.7.6',
#              'python_version': '3.7.6',
#              'release': '5.4.0-52-generic',
#              'system': 'Linux'}}
,testproblem,quantities,track_interval,steps,random_seed,device,time_per_step
0,mnist_mlp,full,256,512,0,cpu,0.024172191973775625
1,mnist_mlp,full,256,512,1,cpu,0.0244691027328372
2,mnist_mlp,full,256,512,2,cpu,0.024278962984681133
3,mnist_mlp,full,256,512,3,cpu,0.02402631053701043
4,mnist_mlp,full,256,512,4,cpu,0.02325047226622701
5,mnist_mlp,full,256,512,5,cpu,0.025972356554120783
6,mnist_mlp,full,256,512,6,cpu,0.024543948005884886
7,mnist_mlp,full,256,512,7,cpu,0.025919514242559668
8,mnist_mlp,full,256,512,8,cpu,0.025173420086503032
9,mnist_mlp,full,256,512,9,cpu,0.02344109769910574
10,mnist_mlp,baseline,1,512,0,cpu,0.011380378622561693
11,mnist_mlp,baseline,1,512,1,cpu,0.011432359460741282
12,mnist_mlp,baseline,1,512,2,cpu,0.011359272990375757
13,mnist_mlp,baseline,1,512,3,cpu,0.01133407698944211
14,mnist_mlp,baseline,1,512,4,cpu,0.011341824196279049
15,mnist_mlp,baseline,1,512,5,cpu,0.011384514160454273
16,mnist_mlp,baseline,1,512,6,cpu,0.011365874670445919
17,mnist_mlp,baseline,1,512,7,cpu,0.011351529974490404
18,mnist_mlp,baseline,1,512,8,cpu,0.011372887529432774
19,mnist_mlp,baseline,1,512,9,cpu,0.01185274450108409
20,mnist_mlp,baseline,4,512,0,cpu,0.011512079276144505
21,mnist_mlp,baseline,4,512,1,cpu,0.01146930456161499
22,mnist_mlp,baseline,4,512,2,cpu,0.01145195635035634
23,mnist_mlp,baseline,4,512,3,cpu,0.01144092669710517
24,mnist_mlp,baseline,4,512,4,cpu,0.011432383209466934
25,mnist_mlp,baseline,4,512,5,cpu,0.011466515716165304
26,mnist_mlp,baseline,4,512,6,cpu,0.011427372228354216
27,mnist_mlp,baseline,4,512,7,cpu,0.011415288783609867
28,mnist_mlp,baseline,4,512,8,cpu,0.011383067350834608
29,mnist_mlp,baseline,4,512,9,cpu,0.011415197979658842
30,mnist_mlp,baseline,16,512,0,cpu,0.01140748243778944
31,mnist_mlp,baseline,16,512,1,cpu,0.01140794763341546
32,mnist_mlp,baseline,16,512,2,cpu,0.011402597650885582
33,mnist_mlp,baseline,16,512,3,cpu,0.011388072744011879
34,mnist_mlp,baseline,16,512,4,cpu,0.011398675851523876
35,mnist_mlp,baseline,16,512,5,cpu,0.011325390543788671
36,mnist_mlp,baseline,16,512,6,cpu,0.0113289849832654
37,mnist_mlp,baseline,16,512,7,cpu,0.011388435028493404
38,mnist_mlp,baseline,16,512,8,cpu,0.01136645907536149
39,mnist_mlp,baseline,16,512,9,cpu,0.011353402398526669
40,mnist_mlp,baseline,64,512,0,cpu,0.011367274448275566
41,mnist_mlp,baseline,64,512,1,cpu,0.011354899499565363
42,mnist_mlp,baseline,64,512,2,cpu,0.01137896766886115
43,mnist_mlp,baseline,64,512,3,cpu,0.01140447985380888
44,mnist_mlp,baseline,64,512,4,cpu,0.01136741042137146
45,mnist_mlp,baseline,64,512,5,cpu,0.011387144215404987
46,mnist_mlp,baseline,64,512,6,cpu,0.011561645660549402
47,mnist_mlp,baseline,64,512,7,cpu,0.011377265211194754
48,mnist_mlp,baseline,64,512,8,cpu,0.011381234508007765
49,mnist_mlp,baseline,64,512,9,cpu,0.011356879491358995
50,mnist_mlp,baseline,256,512,0,cpu,0.011380309239029884
51,mnist_mlp,baseline,256,512,1,cpu,0.01138672512024641
52,mnist_mlp,baseline,256,512,2,cpu,0.011403372045606375
53,mnist_mlp,baseline,256,512,3,cpu,0.01139543391764164
54,mnist_mlp,baseline,256,512,4,cpu,0.011377404909580946
55,mnist_mlp,baseline,256,512,5,cpu,0.011389417108148336
56,mnist_mlp,baseline,256,512,6,cpu,0.011368523817509413
57,mnist_mlp,baseline,256,512,7,cpu,0.011954228393733501
58,mnist_mlp,baseline,256,512,8,cpu,0.01152932271361351
59,mnist_mlp,baseline,256,512,9,cpu,0.011465360876172781
60,mnist_mlp,economy,1,512,0,cpu,0.8986190836876631
61,mnist_mlp,economy,1,512,1,cpu,0.9007805362343788
62,mnist_mlp,economy,1,512,2,cpu,0.8964742571115494
63,mnist_mlp,economy,1,512,3,cpu,0.8903297334909439
64,mnist_mlp,economy,1,512,4,cpu,0.8911117487587035
65,mnist_mlp,economy,1,512,5,cpu,0.886352130677551
66,mnist_mlp,economy,1,512,6,cpu,0.8872669222764671
67,mnist_mlp,economy,1,512,7,cpu,0.8828620035201311
68,mnist_mlp,economy,1,512,8,cpu,0.8940839362330735
69,mnist_mlp,economy,1,512,9,cpu,0.887153138872236
70,mnist_mlp,economy,4,512,0,cpu,0.2424112162552774
71,mnist_mlp,economy,4,512,1,cpu,0.2406404814682901
72,mnist_mlp,economy,4,512,2,cpu,0.24326593847945333
73,mnist_mlp,economy,4,512,3,cpu,0.24146997136995196
74,mnist_mlp,economy,4,512,4,cpu,0.23931933473795652
75,mnist_mlp,economy,4,512,5,cpu,0.24162448989227414
76,mnist_mlp,economy,4,512,6,cpu,0.2378603513352573
77,mnist_mlp,economy,4,512,7,cpu,0.24053321219980717
78,mnist_mlp,economy,4,512,8,cpu,0.23916971776634455
79,mnist_mlp,economy,4,512,9,cpu,0.2400141512043774
80,mnist_mlp,economy,16,512,0,cpu,0.06764138862490654
81,mnist_mlp,economy,16,512,1,cpu,0.06744571216404438
82,mnist_mlp,economy,16,512,2,cpu,0.06740066828206182
83,mnist_mlp,economy,16,512,3,cpu,0.0672730216756463
84,mnist_mlp,economy,16,512,4,cpu,0.06824859324842691
85,mnist_mlp,economy,16,512,5,cpu,0.06725306157022715
86,mnist_mlp,economy,16,512,6,cpu,0.06727292435243726
87,mnist_mlp,economy,16,512,7,cpu,0.06749811954796314
88,mnist_mlp,economy,16,512,8,cpu,0.06860039662569761
89,mnist_mlp,economy,16,512,9,cpu,0.06840500747784972
90,mnist_mlp,economy,64,512,0,cpu,0.02624348644167185
91,mnist_mlp,economy,64,512,1,cpu,0.02596478257328272
92,mnist_mlp,economy,64,512,2,cpu,0.02598703745752573
93,mnist_mlp,economy,64,512,3,cpu,0.025968828704208136
94,mnist_mlp,economy,64,512,4,cpu,0.02607398573309183
95,mnist_mlp,economy,64,512,5,cpu,0.02601404022425413
96,mnist_mlp,economy,64,512,6,cpu,0.026043009012937546
97,mnist_mlp,economy,64,512,7,cpu,0.02595494082197547
98,mnist_mlp,economy,64,512,8,cpu,0.02580229565501213
99,mnist_mlp,economy,64,512,9,cpu,0.026250563096255064
100,mnist_mlp,economy,256,512,0,cpu,0.015061210375279188
101,mnist_mlp,economy,256,512,1,cpu,0.015020797960460186
102,mnist_mlp,economy,256,512,2,cpu,0.014972567092627287
103,mnist_mlp,economy,256,512,3,cpu,0.015004058834165335
104,mnist_mlp,economy,256,512,4,cpu,0.014962786342948675
105,mnist_mlp,economy,256,512,5,cpu,0.014834166504442692
106,mnist_mlp,economy,256,512,6,cpu,0.014815719332545996
107,mnist_mlp,economy,256,512,7,cpu,0.014865119010210037
108,mnist_mlp,economy,256,512,8,cpu,0.014767172746360302
109,mnist_mlp,economy,256,512,9,cpu,0.014786806888878345
110,mnist_mlp,business,1,512,0,cpu,0.9776584836654365
111,mnist_mlp,business,1,512,1,cpu,0.9789610812440515
112,mnist_mlp,business,1,512,2,cpu,0.9776686700060964
113,mnist_mlp,business,1,512,3,cpu,0.9804731402546167
114,mnist_mlp,business,1,512,4,cpu,0.9701942880637944
115,mnist_mlp,business,1,512,5,cpu,0.968406040687114
116,mnist_mlp,business,1,512,6,cpu,0.9674835707992315
117,mnist_mlp,business,1,512,7,cpu,0.9715363527648151
118,mnist_mlp,business,1,512,8,cpu,0.9671992077492177
119,mnist_mlp,business,1,512,9,cpu,0.9623025190085173
120,mnist_mlp,business,4,512,0,cpu,0.2611816208809614
121,mnist_mlp,business,4,512,1,cpu,0.2620268752798438
122,mnist_mlp,business,4,512,2,cpu,0.2634851555339992
123,mnist_mlp,business,4,512,3,cpu,0.26224147342145443
124,mnist_mlp,business,4,512,4,cpu,0.26367112807929516
125,mnist_mlp,business,4,512,5,cpu,0.2608169768936932
126,mnist_mlp,business,4,512,6,cpu,0.2698719031177461
127,mnist_mlp,business,4,512,7,cpu,0.28014060389250517
128,mnist_mlp,business,4,512,8,cpu,0.27763888519257307
129,mnist_mlp,business,4,512,9,cpu,0.27594725182279944
130,mnist_mlp,business,16,512,0,cpu,0.07810566108673811
131,mnist_mlp,business,16,512,1,cpu,0.07718319771811366
132,mnist_mlp,business,16,512,2,cpu,0.07716447720304132
133,mnist_mlp,business,16,512,3,cpu,0.07784098666161299
134,mnist_mlp,business,16,512,4,cpu,0.07864274829626083
135,mnist_mlp,business,16,512,5,cpu,0.07724894443526864
136,mnist_mlp,business,16,512,6,cpu,0.0766769740730524
137,mnist_mlp,business,16,512,7,cpu,0.0764488335698843
138,mnist_mlp,business,16,512,8,cpu,0.07626776397228241
139,mnist_mlp,business,16,512,9,cpu,0.07657147943973541
140,mnist_mlp,business,64,512,0,cpu,0.027442172169685364
141,mnist_mlp,business,64,512,1,cpu,0.027445968240499496
142,mnist_mlp,business,64,512,2,cpu,0.027361405547708273
143,mnist_mlp,business,64,512,3,cpu,0.027328818570822477
144,mnist_mlp,business,64,512,4,cpu,0.02729349909350276
145,mnist_mlp,business,64,512,5,cpu,0.027674234937876463
146,mnist_mlp,business,64,512,6,cpu,0.027628508862107992
147,mnist_mlp,business,64,512,7,cpu,0.02761189267039299
148,mnist_mlp,business,64,512,8,cpu,0.027548255864530802
149,mnist_mlp,business,64,512,9,cpu,0.027263829950243235
150,mnist_mlp,business,256,512,0,cpu,0.015190624166280031
151,mnist_mlp,business,256,512,1,cpu,0.015207726508378983
152,mnist_mlp,business,256,512,2,cpu,0.015209530014544725
153,mnist_mlp,business,256,512,3,cpu,0.015182477422058582
154,mnist_mlp,business,256,512,4,cpu,0.015208504162728786
155,mnist_mlp,business,256,512,5,cpu,0.015167608391493559
156,mnist_mlp,business,256,512,6,cpu,0.015169817954301834
157,mnist_mlp,business,256,512,7,cpu,0.01511450344696641
158,mnist_mlp,business,256,512,8,cpu,0.015137501060962677
159,mnist_mlp,business,256,512,9,cpu,0.015133000444620848
160,mnist_mlp,full,1,512,0,cpu,3.365821369923651
161,mnist_mlp,full,1,512,1,cpu,3.3307721512392163
162,mnist_mlp,full,1,512,2,cpu,3.4336854652501643
163,mnist_mlp,full,1,512,3,cpu,3.353210154455155
164,mnist_mlp,full,1,512,4,cpu,3.425795789808035
165,mnist_mlp,full,1,512,5,cpu,3.3984632724896073
166,mnist_mlp,full,1,512,6,cpu,3.4605690357275307
167,mnist_mlp,full,1,512,7,cpu,3.491639943793416
168,mnist_mlp,full,1,512,8,cpu,3.457323679700494
169,mnist_mlp,full,1,512,9,cpu,3.451567448209971
170,mnist_mlp,full,4,512,0,cpu,0.8845969401299953
171,mnist_mlp,full,4,512,1,cpu,0.8695903467014432
172,mnist_mlp,full,4,512,2,cpu,0.8796027572825551
173,mnist_mlp,full,4,512,3,cpu,0.8563879877328873
174,mnist_mlp,full,4,512,4,cpu,0.8936588303185999
175,mnist_mlp,full,4,512,5,cpu,0.8723910776898265
176,mnist_mlp,full,4,512,6,cpu,0.8745996342040598
177,mnist_mlp,full,4,512,7,cpu,0.8911769832484424
178,mnist_mlp,full,4,512,8,cpu,0.8986074631102383
179,mnist_mlp,full,4,512,9,cpu,0.8653509630821645
180,mnist_mlp,full,16,512,0,cpu,0.2241432862356305
181,mnist_mlp,full,16,512,1,cpu,0.22206860920414329
182,mnist_mlp,full,16,512,2,cpu,0.22533410182222724
183,mnist_mlp,full,16,512,3,cpu,0.22557404870167375
184,mnist_mlp,full,16,512,4,cpu,0.22502762684598565
185,mnist_mlp,full,16,512,5,cpu,0.22656501037999988
186,mnist_mlp,full,16,512,6,cpu,0.2323597981594503
187,mnist_mlp,full,16,512,7,cpu,0.23143957694992423
188,mnist_mlp,full,16,512,8,cpu,0.23751696106046438
189,mnist_mlp,full,16,512,9,cpu,0.22543677128851414
190,mnist_mlp,full,64,512,0,cpu,0.06379997543990612
191,mnist_mlp,full,64,512,1,cpu,0.06342487409710884
192,mnist_mlp,full,64,512,2,cpu,0.06454357784241438
193,mnist_mlp,full,64,512,3,cpu,0.06515924306586385
194,mnist_mlp,full,64,512,4,cpu,0.06058214791119099
195,mnist_mlp,full,64,512,5,cpu,0.06783599639311433
196,mnist_mlp,full,64,512,6,cpu,0.06615762179717422
197,mnist_mlp,full,64,512,7,cpu,0.06732242787256837
198,mnist_mlp,full,64,512,8,cpu,0.06668393220752478
199,mnist_mlp,full,64,512,9,cpu,0.06238996842876077
