# {'commit': {'author_time': '2020-11-07T11:04:56+01:00',
#             'branch': 'exp01-benchmark',
#             'dirty': False,
#             'id': 'e03c32fb595320da44f5c7e050b5ab9ae5ab2e1d',
#             'project': 'backboard',
#             'time': '2020-11-07T11:05:38+01:00'},
#  'gpu': {'CUDA Version': '11.0', 'Product Name': 'GeForce RTX 2080 Ti'},
#  'machine': {'cpu': {'brand': 'unknown',
#                      'hardware': 'unknown',
#                      'vendor_id': 'unknown'},
#              'machine': 'x86_64',
#              'processor': 'x86_64',
#              'python_build': ('default', 'Jan  8 2020 19:59:22'),
#              'python_compiler': 'GCC 7.3.0',
#              'python_implementation': 'CPython',
#              'python_implementation_version': '3.7.6',
#              'python_version': '3.7.6',
#              'release': '5.4.0-52-generic',
#              'system': 'Linux'}}
,testproblem,quantities,track_interval,steps,random_seed,device,time_per_step
0,quadratic_deep,full,256,512,0,cpu,0.0015159528702497482
1,quadratic_deep,full,256,512,1,cpu,0.0014253589324653149
2,quadratic_deep,full,256,512,2,cpu,0.0014780689962208269
3,quadratic_deep,full,256,512,3,cpu,0.0014518341049551964
4,quadratic_deep,full,256,512,4,cpu,0.0014454522170126438
5,quadratic_deep,full,256,512,5,cpu,0.0014431173913180828
6,quadratic_deep,full,256,512,6,cpu,0.0014398121275007725
7,quadratic_deep,full,256,512,7,cpu,0.001461776439100504
8,quadratic_deep,full,256,512,8,cpu,0.0015189852565526962
9,quadratic_deep,full,256,512,9,cpu,0.0014529693871736524
10,quadratic_deep,baseline,1,512,0,cpu,0.0011456641368567944
11,quadratic_deep,baseline,1,512,1,cpu,0.0011785426177084446
12,quadratic_deep,baseline,1,512,2,cpu,0.0012112432159483433
13,quadratic_deep,baseline,1,512,3,cpu,0.0012240605428814888
14,quadratic_deep,baseline,1,512,4,cpu,0.0012149899266660213
15,quadratic_deep,baseline,1,512,5,cpu,0.001215620432049036
16,quadratic_deep,baseline,1,512,6,cpu,0.0015595396980643272
17,quadratic_deep,baseline,1,512,7,cpu,0.0013227560557425022
18,quadratic_deep,baseline,1,512,8,cpu,0.0012328033335506916
19,quadratic_deep,baseline,1,512,9,cpu,0.0011978168040513992
20,quadratic_deep,baseline,4,512,0,cpu,0.0012490637600421906
21,quadratic_deep,baseline,4,512,1,cpu,0.0012068585492670536
22,quadratic_deep,baseline,4,512,2,cpu,0.0012802272103726864
23,quadratic_deep,baseline,4,512,3,cpu,0.0012078885920345783
24,quadratic_deep,baseline,4,512,4,cpu,0.0012104548513889313
25,quadratic_deep,baseline,4,512,5,cpu,0.0012118159793317318
26,quadratic_deep,baseline,4,512,6,cpu,0.0012115142308175564
27,quadratic_deep,baseline,4,512,7,cpu,0.001217937096953392
28,quadratic_deep,baseline,4,512,8,cpu,0.0012046610936522484
29,quadratic_deep,baseline,4,512,9,cpu,0.001217384822666645
30,quadratic_deep,baseline,16,512,0,cpu,0.0012070322409272194
31,quadratic_deep,baseline,16,512,1,cpu,0.0012755095958709717
32,quadratic_deep,baseline,16,512,2,cpu,0.0012130732648074627
33,quadratic_deep,baseline,16,512,3,cpu,0.0011515519581735134
34,quadratic_deep,baseline,16,512,4,cpu,0.0012395656667649746
35,quadratic_deep,baseline,16,512,5,cpu,0.001228358130902052
36,quadratic_deep,baseline,16,512,6,cpu,0.001156417652964592
37,quadratic_deep,baseline,16,512,7,cpu,0.0011311336420476437
38,quadratic_deep,baseline,16,512,8,cpu,0.0012096669524908066
39,quadratic_deep,baseline,16,512,9,cpu,0.0012101167812943459
40,quadratic_deep,baseline,64,512,0,cpu,0.0011340300552546978
41,quadratic_deep,baseline,64,512,1,cpu,0.0012025809846818447
42,quadratic_deep,baseline,64,512,2,cpu,0.0012521338649094105
43,quadratic_deep,baseline,64,512,3,cpu,0.0012152092531323433
44,quadratic_deep,baseline,64,512,4,cpu,0.0012339726090431213
45,quadratic_deep,baseline,64,512,5,cpu,0.0012207753024995327
46,quadratic_deep,baseline,64,512,6,cpu,0.001145192887634039
47,quadratic_deep,baseline,64,512,7,cpu,0.001215573400259018
48,quadratic_deep,baseline,64,512,8,cpu,0.0011414042674005032
49,quadratic_deep,baseline,64,512,9,cpu,0.0012225527316331863
50,quadratic_deep,baseline,256,512,0,cpu,0.0012227119877934456
51,quadratic_deep,baseline,256,512,1,cpu,0.0012235762551426888
52,quadratic_deep,baseline,256,512,2,cpu,0.0012183855287730694
53,quadratic_deep,baseline,256,512,3,cpu,0.0011758310720324516
54,quadratic_deep,baseline,256,512,4,cpu,0.0013280762359499931
55,quadratic_deep,baseline,256,512,5,cpu,0.0011477177031338215
56,quadratic_deep,baseline,256,512,6,cpu,0.0012408467009663582
57,quadratic_deep,baseline,256,512,7,cpu,0.001223972998559475
58,quadratic_deep,baseline,256,512,8,cpu,0.0011662933975458145
59,quadratic_deep,baseline,256,512,9,cpu,0.0011567282490432262
60,quadratic_deep,economy,1,512,0,cpu,0.002292797900736332
61,quadratic_deep,economy,1,512,1,cpu,0.002344061154872179
62,quadratic_deep,economy,1,512,2,cpu,0.0023364461958408356
63,quadratic_deep,economy,1,512,3,cpu,0.0023404895327985287
64,quadratic_deep,economy,1,512,4,cpu,0.002464600373059511
65,quadratic_deep,economy,1,512,5,cpu,0.0028032693080604076
66,quadratic_deep,economy,1,512,6,cpu,0.0027421368286013603
67,quadratic_deep,economy,1,512,7,cpu,0.002832514699548483
68,quadratic_deep,economy,1,512,8,cpu,0.002735632471740246
69,quadratic_deep,economy,1,512,9,cpu,0.002713350113481283
70,quadratic_deep,economy,4,512,0,cpu,0.0018974854610860348
71,quadratic_deep,economy,4,512,1,cpu,0.0019063474610447884
72,quadratic_deep,economy,4,512,2,cpu,0.0019008787348866463
73,quadratic_deep,economy,4,512,3,cpu,0.0018978249281644821
74,quadratic_deep,economy,4,512,4,cpu,0.0019736620597541332
75,quadratic_deep,economy,4,512,5,cpu,0.0018662293441593647
76,quadratic_deep,economy,4,512,6,cpu,0.001548578031361103
77,quadratic_deep,economy,4,512,7,cpu,0.00164034403860569
78,quadratic_deep,economy,4,512,8,cpu,0.0018929182551801205
79,quadratic_deep,economy,4,512,9,cpu,0.0019213459454476833
80,quadratic_deep,economy,16,512,0,cpu,0.0016561499796807766
81,quadratic_deep,economy,16,512,1,cpu,0.0016674967482686043
82,quadratic_deep,economy,16,512,2,cpu,0.0012733922339975834
83,quadratic_deep,economy,16,512,3,cpu,0.001355181448161602
84,quadratic_deep,economy,16,512,4,cpu,0.002783695235848427
85,quadratic_deep,economy,16,512,5,cpu,0.0027762912213802338
86,quadratic_deep,economy,16,512,6,cpu,0.002789644990116358
87,quadratic_deep,economy,16,512,7,cpu,0.0027839173562824726
88,quadratic_deep,economy,16,512,8,cpu,0.002772870007902384
89,quadratic_deep,economy,16,512,9,cpu,0.0027975738048553467
90,quadratic_deep,economy,64,512,0,cpu,0.0019343816675245762
91,quadratic_deep,economy,64,512,1,cpu,0.001830060500651598
92,quadratic_deep,economy,64,512,2,cpu,0.0018075988627970219
93,quadratic_deep,economy,64,512,3,cpu,0.0012781331315636635
94,quadratic_deep,economy,64,512,4,cpu,0.0012223129160702229
95,quadratic_deep,economy,64,512,5,cpu,0.001284108031541109
96,quadratic_deep,economy,64,512,6,cpu,0.0012153787538409233
97,quadratic_deep,economy,64,512,7,cpu,0.0012910566292703152
98,quadratic_deep,economy,64,512,8,cpu,0.0012890337966382504
99,quadratic_deep,economy,64,512,9,cpu,0.0016448921523988247
100,quadratic_deep,economy,256,512,0,cpu,0.0013602189719676971
101,quadratic_deep,economy,256,512,1,cpu,0.0013534571044147015
102,quadratic_deep,economy,256,512,2,cpu,0.0013520941138267517
103,quadratic_deep,economy,256,512,3,cpu,0.0013514375314116478
104,quadratic_deep,economy,256,512,4,cpu,0.001351487822830677
105,quadratic_deep,economy,256,512,5,cpu,0.001362294889986515
106,quadratic_deep,economy,256,512,6,cpu,0.001358086708933115
107,quadratic_deep,economy,256,512,7,cpu,0.0013650679029524326
108,quadratic_deep,economy,256,512,8,cpu,0.0013546450063586235
109,quadratic_deep,economy,256,512,9,cpu,0.0013737119734287262
110,quadratic_deep,business,1,512,0,cpu,0.007411187514662743
111,quadratic_deep,business,1,512,1,cpu,0.007431192323565483
112,quadratic_deep,business,1,512,2,cpu,0.006852448917925358
113,quadratic_deep,business,1,512,3,cpu,0.006771852727979422
114,quadratic_deep,business,1,512,4,cpu,0.007351242937147617
115,quadratic_deep,business,1,512,5,cpu,0.009931824635714293
116,quadratic_deep,business,1,512,6,cpu,0.00712844030931592
117,quadratic_deep,business,1,512,7,cpu,0.0067741479724645615
118,quadratic_deep,business,1,512,8,cpu,0.00677345460280776
119,quadratic_deep,business,1,512,9,cpu,0.00677511328831315
120,quadratic_deep,business,4,512,0,cpu,0.0038295178674161434
121,quadratic_deep,business,4,512,1,cpu,0.0034337760880589485
122,quadratic_deep,business,4,512,2,cpu,0.0030525601468980312
123,quadratic_deep,business,4,512,3,cpu,0.0030430895276367664
124,quadratic_deep,business,4,512,4,cpu,0.003009210806339979
125,quadratic_deep,business,4,512,5,cpu,0.003005338367074728
126,quadratic_deep,business,4,512,6,cpu,0.0030318167991936207
127,quadratic_deep,business,4,512,7,cpu,0.00304447952657938
128,quadratic_deep,business,4,512,8,cpu,0.0029698247089982033
129,quadratic_deep,business,4,512,9,cpu,0.0030613457784056664
130,quadratic_deep,business,16,512,0,cpu,0.0019243927672505379
131,quadratic_deep,business,16,512,1,cpu,0.001918721478432417
132,quadratic_deep,business,16,512,2,cpu,0.0018620016053318977
133,quadratic_deep,business,16,512,3,cpu,0.001928212121129036
134,quadratic_deep,business,16,512,4,cpu,0.00192245002835989
135,quadratic_deep,business,16,512,5,cpu,0.0032165334559977055
136,quadratic_deep,business,16,512,6,cpu,0.003215164877474308
137,quadratic_deep,business,16,512,7,cpu,0.0031247884035110474
138,quadratic_deep,business,16,512,8,cpu,0.00192953459918499
139,quadratic_deep,business,16,512,9,cpu,0.001977744046598673
140,quadratic_deep,business,64,512,0,cpu,0.0019034328870475292
141,quadratic_deep,business,64,512,1,cpu,0.001901998184621334
142,quadratic_deep,business,64,512,2,cpu,0.001902612391859293
143,quadratic_deep,business,64,512,3,cpu,0.002071747090667486
144,quadratic_deep,business,64,512,4,cpu,0.001886607613414526
145,quadratic_deep,business,64,512,5,cpu,0.0019071688875555992
146,quadratic_deep,business,64,512,6,cpu,0.001908878330141306
147,quadratic_deep,business,64,512,7,cpu,0.0019056443125009537
148,quadratic_deep,business,64,512,8,cpu,0.0019036452285945415
149,quadratic_deep,business,64,512,9,cpu,0.001925335731357336
150,quadratic_deep,business,256,512,0,cpu,0.001402233261615038
151,quadratic_deep,business,256,512,1,cpu,0.0013786875642836094
152,quadratic_deep,business,256,512,2,cpu,0.001270574051886797
153,quadratic_deep,business,256,512,3,cpu,0.001283908262848854
154,quadratic_deep,business,256,512,4,cpu,0.0012731412425637245
155,quadratic_deep,business,256,512,5,cpu,0.0013210298493504524
156,quadratic_deep,business,256,512,6,cpu,0.0013610036112368107
157,quadratic_deep,business,256,512,7,cpu,0.0013909251429140568
158,quadratic_deep,business,256,512,8,cpu,0.0013820258900523186
159,quadratic_deep,business,256,512,9,cpu,0.0012460751459002495
160,quadratic_deep,full,1,512,0,cpu,0.02449295436963439
161,quadratic_deep,full,1,512,1,cpu,0.025722266174852848
162,quadratic_deep,full,1,512,2,cpu,0.024353617802262306
163,quadratic_deep,full,1,512,3,cpu,0.02286431100219488
164,quadratic_deep,full,1,512,4,cpu,0.022877415642142296
165,quadratic_deep,full,1,512,5,cpu,0.022766874637454748
166,quadratic_deep,full,1,512,6,cpu,0.02266436954960227
167,quadratic_deep,full,1,512,7,cpu,0.02263034787029028
168,quadratic_deep,full,1,512,8,cpu,0.02300792932510376
169,quadratic_deep,full,1,512,9,cpu,0.02326362393796444
170,quadratic_deep,full,4,512,0,cpu,0.007670095190405846
171,quadratic_deep,full,4,512,1,cpu,0.007700322661548853
172,quadratic_deep,full,4,512,2,cpu,0.007768077775835991
173,quadratic_deep,full,4,512,3,cpu,0.007726946379989386
174,quadratic_deep,full,4,512,4,cpu,0.007707579992711544
175,quadratic_deep,full,4,512,5,cpu,0.007961209863424301
176,quadratic_deep,full,4,512,6,cpu,0.007766392081975937
177,quadratic_deep,full,4,512,7,cpu,0.007789769675582647
178,quadratic_deep,full,4,512,8,cpu,0.00777885178104043
179,quadratic_deep,full,4,512,9,cpu,0.007725908886641264
180,quadratic_deep,full,16,512,0,cpu,0.0031260154210031033
181,quadratic_deep,full,16,512,1,cpu,0.003022540360689163
182,quadratic_deep,full,16,512,2,cpu,0.003098201472312212
183,quadratic_deep,full,16,512,3,cpu,0.002628056798130274
184,quadratic_deep,full,16,512,4,cpu,0.002613595686852932
185,quadratic_deep,full,16,512,5,cpu,0.003269507084041834
186,quadratic_deep,full,16,512,6,cpu,0.003102091606706381
187,quadratic_deep,full,16,512,7,cpu,0.003065777011215687
188,quadratic_deep,full,16,512,8,cpu,0.003120283130556345
189,quadratic_deep,full,16,512,9,cpu,0.003132043406367302
190,quadratic_deep,full,64,512,0,cpu,0.0016424194909632206
191,quadratic_deep,full,64,512,1,cpu,0.0015581785701215267
192,quadratic_deep,full,64,512,2,cpu,0.0015681879594922066
193,quadratic_deep,full,64,512,3,cpu,0.0021542743779718876
194,quadratic_deep,full,64,512,4,cpu,0.0021236329339444637
195,quadratic_deep,full,64,512,5,cpu,0.0016712993383407593
196,quadratic_deep,full,64,512,6,cpu,0.0021782563999295235
197,quadratic_deep,full,64,512,7,cpu,0.0018525929190218449
198,quadratic_deep,full,64,512,8,cpu,0.0022506751120090485
199,quadratic_deep,full,64,512,9,cpu,0.0015543443150818348
