# {'commit': {'author_time': '2020-11-05T12:50:50+01:00',
#             'branch': 'exp01-benchmark',
#             'dirty': True,
#             'id': '5725fd47e65da3d085feecd5654e945bb810c3e4',
#             'project': 'backboard',
#             'time': '2020-11-05T12:50:50+01:00'},
#  'gpu': {'CUDA Version': '11.0', 'Product Name': 'GeForce RTX 2080 Ti'},
#  'machine': {'cpu': {'brand': 'unknown',
#                      'hardware': 'unknown',
#                      'vendor_id': 'unknown'},
#              'machine': 'x86_64',
#              'processor': 'x86_64',
#              'python_build': ('default', 'Jan  8 2020 19:59:22'),
#              'python_compiler': 'GCC 7.3.0',
#              'python_implementation': 'CPython',
#              'python_implementation_version': '3.7.6',
#              'python_version': '3.7.6',
#              'release': '5.4.0-52-generic',
#              'system': 'Linux'}}
,testproblem,quantities,track_interval,steps,random_seed,device,time_per_step
0,quadratic_deep,baseline,1,512,0,cuda,0.0013779453001916409
1,quadratic_deep,baseline,1,512,1,cuda,0.0013188277371227741
2,quadratic_deep,baseline,1,512,2,cuda,0.0012959754094481468
3,quadratic_deep,baseline,1,512,3,cuda,0.0013284571468830109
4,quadratic_deep,baseline,1,512,4,cuda,0.0013409759849309921
5,quadratic_deep,baseline,1,512,5,cuda,0.0013399417512118816
6,quadratic_deep,baseline,1,512,6,cuda,0.001399131491780281
7,quadratic_deep,baseline,1,512,7,cuda,0.0013412418775260448
8,quadratic_deep,baseline,1,512,8,cuda,0.0013400334864854813
9,quadratic_deep,baseline,1,512,9,cuda,0.0013414202257990837
10,quadratic_deep,baseline,4,512,0,cuda,0.0013410025276243687
11,quadratic_deep,baseline,4,512,1,cuda,0.0013397792354226112
12,quadratic_deep,baseline,4,512,2,cuda,0.001335673499852419
13,quadratic_deep,baseline,4,512,3,cuda,0.001337194349616766
14,quadratic_deep,baseline,4,512,4,cuda,0.0014031394384801388
15,quadratic_deep,baseline,4,512,5,cuda,0.0013352078385651112
16,quadratic_deep,baseline,4,512,6,cuda,0.001350166741758585
17,quadratic_deep,baseline,4,512,7,cuda,0.0014085173606872559
18,quadratic_deep,baseline,4,512,8,cuda,0.0014016986824572086
19,quadratic_deep,baseline,4,512,9,cuda,0.001397398766130209
20,quadratic_deep,baseline,16,512,0,cuda,0.0014032716862857342
21,quadratic_deep,baseline,16,512,1,cuda,0.001404804177582264
22,quadratic_deep,baseline,16,512,2,cuda,0.0014058207161724567
23,quadratic_deep,baseline,16,512,3,cuda,0.0014844294637441635
24,quadratic_deep,baseline,16,512,4,cuda,0.0014073969796299934
25,quadratic_deep,baseline,16,512,5,cuda,0.0014096922241151333
26,quadratic_deep,baseline,16,512,6,cuda,0.0013783499598503113
27,quadratic_deep,baseline,16,512,7,cuda,0.0013600927777588367
28,quadratic_deep,baseline,16,512,8,cuda,0.001350433100014925
29,quadratic_deep,baseline,16,512,9,cuda,0.001354933250695467
30,quadratic_deep,baseline,64,512,0,cuda,0.001352515071630478
31,quadratic_deep,baseline,64,512,1,cuda,0.0013516154140233994
32,quadratic_deep,baseline,64,512,2,cuda,0.0013529970310628414
33,quadratic_deep,baseline,64,512,3,cuda,0.0014405217953026295
34,quadratic_deep,baseline,64,512,4,cuda,0.0013592243194580078
35,quadratic_deep,baseline,64,512,5,cuda,0.001370119396597147
36,quadratic_deep,baseline,64,512,6,cuda,0.0013374537229537964
37,quadratic_deep,baseline,64,512,7,cuda,0.001394675113260746
38,quadratic_deep,baseline,64,512,8,cuda,0.0013907207176089287
39,quadratic_deep,baseline,64,512,9,cuda,0.0013865898363292217
40,quadratic_deep,baseline,256,512,0,cuda,0.0013877027668058872
41,quadratic_deep,baseline,256,512,1,cuda,0.0013883160427212715
42,quadratic_deep,baseline,256,512,2,cuda,0.00138795655220747
43,quadratic_deep,baseline,256,512,3,cuda,0.00132027268409729
44,quadratic_deep,baseline,256,512,4,cuda,0.0013239067047834396
45,quadratic_deep,baseline,256,512,5,cuda,0.0013244040310382843
46,quadratic_deep,baseline,256,512,6,cuda,0.0014113327488303185
47,quadratic_deep,baseline,256,512,7,cuda,0.0013298271223902702
48,quadratic_deep,baseline,256,512,8,cuda,0.0013240897096693516
49,quadratic_deep,baseline,256,512,9,cuda,0.0013250820338726044
50,quadratic_deep,economy,1,512,0,cuda,0.003237553872168064
51,quadratic_deep,economy,1,512,1,cuda,0.0032371035777032375
52,quadratic_deep,economy,1,512,2,cuda,0.003291552886366844
53,quadratic_deep,economy,1,512,3,cuda,0.003333175089210272
54,quadratic_deep,economy,1,512,4,cuda,0.003390498459339142
55,quadratic_deep,economy,1,512,5,cuda,0.0033826446160674095
56,quadratic_deep,economy,1,512,6,cuda,0.0033591995015740395
57,quadratic_deep,economy,1,512,7,cuda,0.0033532134257256985
58,quadratic_deep,economy,1,512,8,cuda,0.0033581918105483055
59,quadratic_deep,economy,1,512,9,cuda,0.0033592255786061287
60,quadratic_deep,economy,4,512,0,cuda,0.0020069447346031666
61,quadratic_deep,economy,4,512,1,cuda,0.0020062564872205257
62,quadratic_deep,economy,4,512,2,cuda,0.0019707679748535156
63,quadratic_deep,economy,4,512,3,cuda,0.0019790437072515488
64,quadratic_deep,economy,4,512,4,cuda,0.0021162424236536026
65,quadratic_deep,economy,4,512,5,cuda,0.002003869041800499
66,quadratic_deep,economy,4,512,6,cuda,0.0020134011283516884
67,quadratic_deep,economy,4,512,7,cuda,0.002013818360865116
68,quadratic_deep,economy,4,512,8,cuda,0.0020034760236740112
69,quadratic_deep,economy,4,512,9,cuda,0.002006103750318289
70,quadratic_deep,economy,16,512,0,cuda,0.0015926556661725044
71,quadratic_deep,economy,16,512,1,cuda,0.0015939935110509396
72,quadratic_deep,economy,16,512,2,cuda,0.0017770538106560707
73,quadratic_deep,economy,16,512,3,cuda,0.001700869295746088
74,quadratic_deep,economy,16,512,4,cuda,0.0016444479115307331
75,quadratic_deep,economy,16,512,5,cuda,0.001586463302373886
76,quadratic_deep,economy,16,512,6,cuda,0.0015663406811654568
77,quadratic_deep,economy,16,512,7,cuda,0.0015591848641633987
78,quadratic_deep,economy,16,512,8,cuda,0.0017640269361436367
79,quadratic_deep,economy,16,512,9,cuda,0.001621524803340435
80,quadratic_deep,economy,64,512,0,cuda,0.0016429685056209564
81,quadratic_deep,economy,64,512,1,cuda,0.0014780191704630852
82,quadratic_deep,economy,64,512,2,cuda,0.0015111868269741535
83,quadratic_deep,economy,64,512,3,cuda,0.0015112543478608131
84,quadratic_deep,economy,64,512,4,cuda,0.0015124054625630379
85,quadratic_deep,economy,64,512,5,cuda,0.001513768918812275
86,quadratic_deep,economy,64,512,6,cuda,0.0015090135857462883
87,quadratic_deep,economy,64,512,7,cuda,0.001508242916315794
88,quadratic_deep,economy,64,512,8,cuda,0.0015101241879165173
89,quadratic_deep,economy,64,512,9,cuda,0.0015122420154511929
90,quadratic_deep,economy,256,512,0,cuda,0.001448123250156641
91,quadratic_deep,economy,256,512,1,cuda,0.0014406130649149418
92,quadratic_deep,economy,256,512,2,cuda,0.0014499817043542862
93,quadratic_deep,economy,256,512,3,cuda,0.0015224250964820385
94,quadratic_deep,economy,256,512,4,cuda,0.0014300020411610603
95,quadratic_deep,economy,256,512,5,cuda,0.001424224115908146
96,quadratic_deep,economy,256,512,6,cuda,0.0015095379203557968
97,quadratic_deep,economy,256,512,7,cuda,0.001442166045308113
98,quadratic_deep,economy,256,512,8,cuda,0.0014367317780852318
99,quadratic_deep,economy,256,512,9,cuda,0.0014349757693707943
100,quadratic_deep,business,1,512,0,cuda,0.00404390599578619
101,quadratic_deep,business,1,512,1,cuda,0.0039661903865635395
102,quadratic_deep,business,1,512,2,cuda,0.003989095333963633
103,quadratic_deep,business,1,512,3,cuda,0.004021446220576763
104,quadratic_deep,business,1,512,4,cuda,0.004016821272671223
105,quadratic_deep,business,1,512,5,cuda,0.004022280219942331
106,quadratic_deep,business,1,512,6,cuda,0.004026814829558134
107,quadratic_deep,business,1,512,7,cuda,0.004019178915768862
108,quadratic_deep,business,1,512,8,cuda,0.0040082684718072414
109,quadratic_deep,business,1,512,9,cuda,0.0040129427798092365
110,quadratic_deep,business,4,512,0,cuda,0.002328825183212757
111,quadratic_deep,business,4,512,1,cuda,0.0021791397593915462
112,quadratic_deep,business,4,512,2,cuda,0.0022092298604547977
113,quadratic_deep,business,4,512,3,cuda,0.002205412834882736
114,quadratic_deep,business,4,512,4,cuda,0.002185426652431488
115,quadratic_deep,business,4,512,5,cuda,0.0021697338670492172
116,quadratic_deep,business,4,512,6,cuda,0.0021748063154518604
117,quadratic_deep,business,4,512,7,cuda,0.002179318107664585
118,quadratic_deep,business,4,512,8,cuda,0.002129137981683016
119,quadratic_deep,business,4,512,9,cuda,0.0021309941075742245
120,quadratic_deep,business,16,512,0,cuda,0.0016128085553646088
121,quadratic_deep,business,16,512,1,cuda,0.001638328656554222
122,quadratic_deep,business,16,512,2,cuda,0.0016548559069633484
123,quadratic_deep,business,16,512,3,cuda,0.0016418606974184513
124,quadratic_deep,business,16,512,4,cuda,0.0016462309285998344
125,quadratic_deep,business,16,512,5,cuda,0.0016457992605865002
126,quadratic_deep,business,16,512,6,cuda,0.0016466118395328522
127,quadratic_deep,business,16,512,7,cuda,0.0016392390243709087
128,quadratic_deep,business,16,512,8,cuda,0.00164329307153821
129,quadratic_deep,business,16,512,9,cuda,0.001661038026213646
130,quadratic_deep,business,64,512,0,cuda,0.0015101800672709942
131,quadratic_deep,business,64,512,1,cuda,0.0015145200304687023
132,quadratic_deep,business,64,512,2,cuda,0.0016799061559140682
133,quadratic_deep,business,64,512,3,cuda,0.001498994417488575
134,quadratic_deep,business,64,512,4,cuda,0.0015495717525482178
135,quadratic_deep,business,64,512,5,cuda,0.0015753977932035923
136,quadratic_deep,business,64,512,6,cuda,0.0015751561149954796
137,quadratic_deep,business,64,512,7,cuda,0.0015760683454573154
138,quadratic_deep,business,64,512,8,cuda,0.0015748478472232819
139,quadratic_deep,business,64,512,9,cuda,0.001573418267071247
140,quadratic_deep,business,256,512,0,cuda,0.001439392101019621
141,quadratic_deep,business,256,512,1,cuda,0.0014396170154213905
142,quadratic_deep,business,256,512,2,cuda,0.0014465278945863247
143,quadratic_deep,business,256,512,3,cuda,0.0014495239593088627
144,quadratic_deep,business,256,512,4,cuda,0.0014440640807151794
145,quadratic_deep,business,256,512,5,cuda,0.0014448235742747784
146,quadratic_deep,business,256,512,6,cuda,0.0014363331720232964
147,quadratic_deep,business,256,512,7,cuda,0.0014499742537736893
148,quadratic_deep,business,256,512,8,cuda,0.0014464883133769035
149,quadratic_deep,business,256,512,9,cuda,0.0014336206950247288
150,quadratic_deep,full,1,512,0,cuda,0.04490942135453224
151,quadratic_deep,full,1,512,1,cuda,0.044859637040644884
152,quadratic_deep,full,1,512,2,cuda,0.044112137984484434
153,quadratic_deep,full,1,512,3,cuda,0.04421639023348689
154,quadratic_deep,full,1,512,4,cuda,0.04449525335803628
155,quadratic_deep,full,1,512,5,cuda,0.04433852853253484
156,quadratic_deep,full,1,512,6,cuda,0.044403410982340574
157,quadratic_deep,full,1,512,7,cuda,0.04452478792518377
158,quadratic_deep,full,1,512,8,cuda,0.044230754021555185
159,quadratic_deep,full,1,512,9,cuda,0.04430763376876712
160,quadratic_deep,full,4,512,0,cuda,0.01235976442694664
161,quadratic_deep,full,4,512,1,cuda,0.012384179513901472
162,quadratic_deep,full,4,512,2,cuda,0.012432325165718794
163,quadratic_deep,full,4,512,3,cuda,0.012533759698271751
164,quadratic_deep,full,4,512,4,cuda,0.012506471946835518
165,quadratic_deep,full,4,512,5,cuda,0.01227494329214096
166,quadratic_deep,full,4,512,6,cuda,0.012291383929550648
167,quadratic_deep,full,4,512,7,cuda,0.012333326041698456
168,quadratic_deep,full,4,512,8,cuda,0.012398060876876116
169,quadratic_deep,full,4,512,9,cuda,0.012562800198793411
170,quadratic_deep,full,16,512,0,cuda,0.0042094276286661625
171,quadratic_deep,full,16,512,1,cuda,0.004141540266573429
172,quadratic_deep,full,16,512,2,cuda,0.004089278634637594
173,quadratic_deep,full,16,512,3,cuda,0.004251433070749044
174,quadratic_deep,full,16,512,4,cuda,0.004212182015180588
175,quadratic_deep,full,16,512,5,cuda,0.004253990016877651
176,quadratic_deep,full,16,512,6,cuda,0.004181444179266691
177,quadratic_deep,full,16,512,7,cuda,0.004224430304020643
178,quadratic_deep,full,16,512,8,cuda,0.004172876011580229
179,quadratic_deep,full,16,512,9,cuda,0.004184312652796507
180,quadratic_deep,full,64,512,0,cuda,0.0021332353353500366
181,quadratic_deep,full,64,512,1,cuda,0.002143413759768009
182,quadratic_deep,full,64,512,2,cuda,0.002147600520402193
183,quadratic_deep,full,64,512,3,cuda,0.002130263950675726
184,quadratic_deep,full,64,512,4,cuda,0.0023595192469656467
185,quadratic_deep,full,64,512,5,cuda,0.002131476067006588
186,quadratic_deep,full,64,512,6,cuda,0.0021191262640058994
187,quadratic_deep,full,64,512,7,cuda,0.00214260071516037
188,quadratic_deep,full,64,512,8,cuda,0.002110192086547613
189,quadratic_deep,full,64,512,9,cuda,0.002165909856557846
190,quadratic_deep,full,256,512,0,cuda,0.0015856632962822914
191,quadratic_deep,full,256,512,1,cuda,0.0016046678647398949
192,quadratic_deep,full,256,512,2,cuda,0.001574657391756773
193,quadratic_deep,full,256,512,3,cuda,0.0015763984993100166
194,quadratic_deep,full,256,512,4,cuda,0.0015894686803221703
195,quadratic_deep,full,256,512,5,cuda,0.0015705740079283714
196,quadratic_deep,full,256,512,6,cuda,0.001572729554027319
197,quadratic_deep,full,256,512,7,cuda,0.0016023353673517704
198,quadratic_deep,full,256,512,8,cuda,0.001571838278323412
199,quadratic_deep,full,256,512,9,cuda,0.0016356389969587326
