# {'commit': {'author_time': '2020-11-07T11:04:56+01:00',
#             'branch': 'exp01-benchmark',
#             'dirty': False,
#             'id': 'e03c32fb595320da44f5c7e050b5ab9ae5ab2e1d',
#             'project': 'backboard',
#             'time': '2020-11-07T11:05:38+01:00'},
#  'gpu': {'CUDA Version': '11.0', 'Product Name': 'GeForce RTX 2080 Ti'},
#  'machine': {'cpu': {'brand': 'unknown',
#                      'hardware': 'unknown',
#                      'vendor_id': 'unknown'},
#              'machine': 'x86_64',
#              'processor': 'x86_64',
#              'python_build': ('default', 'Jan  8 2020 19:59:22'),
#              'python_compiler': 'GCC 7.3.0',
#              'python_implementation': 'CPython',
#              'python_implementation_version': '3.7.6',
#              'python_version': '3.7.6',
#              'release': '5.4.0-52-generic',
#              'system': 'Linux'}}
,testproblem,quantities,track_interval,steps,random_seed,device,time_per_step
0,cifar10_3c3d,AlphaOptimized,1,32,0,cpu,0.3431665748357773
1,cifar10_3c3d,AlphaOptimized,1,32,1,cpu,0.3411246240139008
2,cifar10_3c3d,AlphaOptimized,1,32,2,cpu,0.3404941037297249
3,cifar10_3c3d,AlphaOptimized,1,32,3,cpu,0.3303475901484489
4,cifar10_3c3d,AlphaOptimized,1,32,4,cpu,0.3336813822388649
5,cifar10_3c3d,AlphaOptimized,1,32,5,cpu,0.33339864015579224
6,cifar10_3c3d,AlphaOptimized,1,32,6,cpu,0.3380813226103783
7,cifar10_3c3d,AlphaOptimized,1,32,7,cpu,0.3354955762624741
8,cifar10_3c3d,AlphaOptimized,1,32,8,cpu,0.3330378383398056
9,cifar10_3c3d,AlphaOptimized,1,32,9,cpu,0.3335840553045273
10,cifar10_3c3d,BatchGradHistogram1d,1,32,0,cpu,0.4572768360376358
11,cifar10_3c3d,BatchGradHistogram1d,1,32,1,cpu,0.4609766900539398
12,cifar10_3c3d,BatchGradHistogram1d,1,32,2,cpu,0.461806483566761
13,cifar10_3c3d,BatchGradHistogram1d,1,32,3,cpu,0.4541145190596581
14,cifar10_3c3d,BatchGradHistogram1d,1,32,4,cpu,0.4534720852971077
15,cifar10_3c3d,BatchGradHistogram1d,1,32,5,cpu,0.4542663395404816
16,cifar10_3c3d,BatchGradHistogram1d,1,32,6,cpu,0.4543500915169716
17,cifar10_3c3d,BatchGradHistogram1d,1,32,7,cpu,0.4557433724403381
18,cifar10_3c3d,BatchGradHistogram1d,1,32,8,cpu,0.4530415683984757
19,cifar10_3c3d,BatchGradHistogram1d,1,32,9,cpu,0.4530587196350098
20,cifar10_3c3d,Distance,1,32,0,cpu,0.12674469500780106
21,cifar10_3c3d,Distance,1,32,1,cpu,0.12564008682966232
22,cifar10_3c3d,Distance,1,32,2,cpu,0.12514907121658325
23,cifar10_3c3d,Distance,1,32,3,cpu,0.12421824783086775
24,cifar10_3c3d,Distance,1,32,4,cpu,0.12543606013059616
25,cifar10_3c3d,Distance,1,32,5,cpu,0.12550569325685498
26,cifar10_3c3d,Distance,1,32,6,cpu,0.1244121566414833
27,cifar10_3c3d,Distance,1,32,7,cpu,0.124016135931015
28,cifar10_3c3d,Distance,1,32,8,cpu,0.1252189576625824
29,cifar10_3c3d,Distance,1,32,9,cpu,0.12518508732318878
30,cifar10_3c3d,GradNorm,1,32,0,cpu,0.12388406693935396
31,cifar10_3c3d,GradNorm,1,32,1,cpu,0.12291232496500015
32,cifar10_3c3d,GradNorm,1,32,2,cpu,0.12327078729867935
33,cifar10_3c3d,GradNorm,1,32,3,cpu,0.12401346117258072
34,cifar10_3c3d,GradNorm,1,32,4,cpu,0.12366373091936113
35,cifar10_3c3d,GradNorm,1,32,5,cpu,0.12345562875270845
36,cifar10_3c3d,GradNorm,1,32,6,cpu,0.12359241396188735
37,cifar10_3c3d,GradNorm,1,32,7,cpu,0.12333858758211134
38,cifar10_3c3d,GradNorm,1,32,8,cpu,0.12322790920734406
39,cifar10_3c3d,GradNorm,1,32,9,cpu,0.1235419437289238
40,cifar10_3c3d,InnerProductTest,1,32,0,cpu,0.23874493688344955
41,cifar10_3c3d,InnerProductTest,1,32,1,cpu,0.24231144040822986
42,cifar10_3c3d,InnerProductTest,1,32,2,cpu,0.2423310801386833
43,cifar10_3c3d,InnerProductTest,1,32,3,cpu,0.24108757823705676
44,cifar10_3c3d,InnerProductTest,1,32,4,cpu,0.23903878778219226
45,cifar10_3c3d,InnerProductTest,1,32,5,cpu,0.2367926985025406
46,cifar10_3c3d,InnerProductTest,1,32,6,cpu,0.2369903102517128
47,cifar10_3c3d,InnerProductTest,1,32,7,cpu,0.2370021715760231
48,cifar10_3c3d,InnerProductTest,1,32,8,cpu,0.2403963282704353
49,cifar10_3c3d,InnerProductTest,1,32,9,cpu,0.2359990030527115
50,cifar10_3c3d,Loss,1,32,0,cpu,0.12469328194856645
51,cifar10_3c3d,Loss,1,32,1,cpu,0.12429717183113098
52,cifar10_3c3d,Loss,1,32,2,cpu,0.1236913651227951
53,cifar10_3c3d,Loss,1,32,3,cpu,0.12363088876008987
54,cifar10_3c3d,Loss,1,32,4,cpu,0.12387140840291976
55,cifar10_3c3d,Loss,1,32,5,cpu,0.1240854486823082
56,cifar10_3c3d,Loss,1,32,6,cpu,0.12417858839035036
57,cifar10_3c3d,Loss,1,32,7,cpu,0.12393100559711455
58,cifar10_3c3d,Loss,1,32,8,cpu,0.12321676313877104
59,cifar10_3c3d,Loss,1,32,9,cpu,0.12338029593229295
60,cifar10_3c3d,NormTest,1,32,0,cpu,0.24113717675209045
61,cifar10_3c3d,NormTest,1,32,1,cpu,0.2427502274513245
62,cifar10_3c3d,NormTest,1,32,2,cpu,0.2427801042795181
63,cifar10_3c3d,NormTest,1,32,3,cpu,0.24266903847455976
64,cifar10_3c3d,NormTest,1,32,4,cpu,0.2438483908772469
65,cifar10_3c3d,NormTest,1,32,5,cpu,0.24667859822511676
66,cifar10_3c3d,NormTest,1,32,6,cpu,0.24288986623287198
67,cifar10_3c3d,NormTest,1,32,7,cpu,0.243315689265728
68,cifar10_3c3d,NormTest,1,32,8,cpu,0.24238616973161695
69,cifar10_3c3d,NormTest,1,32,9,cpu,0.2447918802499771
70,cifar10_3c3d,OrthogonalityTest,1,32,0,cpu,0.2418719604611397
71,cifar10_3c3d,OrthogonalityTest,1,32,1,cpu,0.2409779131412506
72,cifar10_3c3d,OrthogonalityTest,1,32,2,cpu,0.2398495748639107
73,cifar10_3c3d,OrthogonalityTest,1,32,3,cpu,0.2394245117902756
74,cifar10_3c3d,OrthogonalityTest,1,32,4,cpu,0.2384937256574631
75,cifar10_3c3d,OrthogonalityTest,1,32,5,cpu,0.2380063310265541
76,cifar10_3c3d,OrthogonalityTest,1,32,6,cpu,0.2383461445569992
77,cifar10_3c3d,OrthogonalityTest,1,32,7,cpu,0.2380595728754997
78,cifar10_3c3d,OrthogonalityTest,1,32,8,cpu,0.2390467748045921
79,cifar10_3c3d,OrthogonalityTest,1,32,9,cpu,0.239542692899704
80,cifar10_3c3d,TICDiag,1,32,0,cpu,1.151868760585785
81,cifar10_3c3d,TICDiag,1,32,1,cpu,1.1534578278660774
82,cifar10_3c3d,TICDiag,1,32,2,cpu,1.1283351704478264
83,cifar10_3c3d,TICDiag,1,32,3,cpu,1.1253687515854836
84,cifar10_3c3d,TICDiag,1,32,4,cpu,1.1526866182684898
85,cifar10_3c3d,TICDiag,1,32,5,cpu,1.157997526228428
86,cifar10_3c3d,TICDiag,1,32,6,cpu,1.15913225710392
87,cifar10_3c3d,TICDiag,1,32,7,cpu,1.1309600323438644
88,cifar10_3c3d,TICDiag,1,32,8,cpu,1.1336357817053797
89,cifar10_3c3d,TICDiag,1,32,9,cpu,1.1564079374074936
90,cifar10_3c3d,Trace,1,32,0,cpu,1.0079894959926603
91,cifar10_3c3d,Trace,1,32,1,cpu,1.0393004268407822
92,cifar10_3c3d,Trace,1,32,2,cpu,1.0011955797672272
93,cifar10_3c3d,Trace,1,32,3,cpu,1.0077611207962036
94,cifar10_3c3d,Trace,1,32,4,cpu,1.0229491218924522
95,cifar10_3c3d,Trace,1,32,5,cpu,1.0390290617942808
96,cifar10_3c3d,Trace,1,32,6,cpu,1.0303521677851677
97,cifar10_3c3d,Trace,1,32,7,cpu,1.0029107704758644
98,cifar10_3c3d,Trace,1,32,8,cpu,1.0051961913704872
99,cifar10_3c3d,Trace,1,32,9,cpu,1.0230345353484154
100,cifar10_3c3d,MaxEV,1,32,0,cpu,8.133032515645027
101,cifar10_3c3d,MaxEV,1,32,1,cpu,10.966789692640305
102,cifar10_3c3d,MaxEV,1,32,2,cpu,12.263678327202795
103,cifar10_3c3d,MaxEV,1,32,3,cpu,8.712249770760536
104,cifar10_3c3d,MaxEV,1,32,4,cpu,10.723091088235376
105,cifar10_3c3d,MaxEV,1,32,5,cpu,12.216701723635195
106,cifar10_3c3d,MaxEV,1,32,6,cpu,8.624454326927662
107,cifar10_3c3d,MaxEV,1,32,7,cpu,7.799314491450787
108,cifar10_3c3d,MaxEV,1,32,8,cpu,7.357549399137497
109,cifar10_3c3d,MaxEV,1,32,9,cpu,11.759700812399387
110,cifar10_3c3d,BatchGradHistogram2d,1,32,0,cpu,1.2470832392573357
111,cifar10_3c3d,BatchGradHistogram2d,1,32,1,cpu,1.256712071597576
112,cifar10_3c3d,BatchGradHistogram2d,1,32,2,cpu,1.2594605013728142
113,cifar10_3c3d,BatchGradHistogram2d,1,32,3,cpu,1.2542071789503098
114,cifar10_3c3d,BatchGradHistogram2d,1,32,4,cpu,1.2546330839395523
115,cifar10_3c3d,BatchGradHistogram2d,1,32,5,cpu,1.2833672165870669
116,cifar10_3c3d,BatchGradHistogram2d,1,32,6,cpu,1.250415377318859
117,cifar10_3c3d,BatchGradHistogram2d,1,32,7,cpu,1.2529732510447502
118,cifar10_3c3d,BatchGradHistogram2d,1,32,8,cpu,1.2470722869038582
119,cifar10_3c3d,BatchGradHistogram2d,1,32,9,cpu,1.2491127550601961
120,cifar10_3c3d,baseline,1,32,0,cpu,0.12235607206821443
121,cifar10_3c3d,baseline,1,32,1,cpu,0.12203767895698547
122,cifar10_3c3d,baseline,1,32,2,cpu,0.12350309640169145
123,cifar10_3c3d,baseline,1,32,3,cpu,0.1224268302321434
124,cifar10_3c3d,baseline,1,32,4,cpu,0.12205755710601808
125,cifar10_3c3d,baseline,1,32,5,cpu,0.1223450005054474
126,cifar10_3c3d,baseline,1,32,6,cpu,0.12440375238656998
127,cifar10_3c3d,baseline,1,32,7,cpu,0.1242419108748436
128,cifar10_3c3d,baseline,1,32,8,cpu,0.12433414161205293
129,cifar10_3c3d,baseline,1,32,9,cpu,0.1238660290837288
130,cifar10_3c3d,economy,1,32,0,cpu,0.7219162285327911
131,cifar10_3c3d,economy,1,32,1,cpu,0.7141974344849586
132,cifar10_3c3d,economy,1,32,2,cpu,0.7214178666472435
133,cifar10_3c3d,economy,1,32,3,cpu,0.7212293222546577
134,cifar10_3c3d,economy,1,32,4,cpu,0.7240583375096321
135,cifar10_3c3d,economy,1,32,5,cpu,0.7177814021706581
136,cifar10_3c3d,economy,1,32,6,cpu,0.7161400318145752
137,cifar10_3c3d,economy,1,32,7,cpu,0.7209025397896767
138,cifar10_3c3d,economy,1,32,8,cpu,0.7151909992098808
139,cifar10_3c3d,economy,1,32,9,cpu,0.7145281583070755
140,cifar10_3c3d,business,1,32,0,cpu,1.6949565336108208
141,cifar10_3c3d,business,1,32,1,cpu,1.685024619102478
142,cifar10_3c3d,business,1,32,2,cpu,1.6944829672574997
143,cifar10_3c3d,business,1,32,3,cpu,1.7002595290541649
144,cifar10_3c3d,business,1,32,4,cpu,1.6915604546666143
145,cifar10_3c3d,business,1,32,5,cpu,1.6845400184392931
146,cifar10_3c3d,business,1,32,6,cpu,1.7046004831790924
147,cifar10_3c3d,business,1,32,7,cpu,1.6855100095272064
148,cifar10_3c3d,business,1,32,8,cpu,1.6977806016802788
149,cifar10_3c3d,business,1,32,9,cpu,1.706984631717205
150,cifar10_3c3d,full,1,32,0,cpu,10.629239931702614
151,cifar10_3c3d,full,1,32,1,cpu,13.204950407147408
152,cifar10_3c3d,full,1,32,2,cpu,15.013510316610336
153,cifar10_3c3d,full,1,32,3,cpu,12.111032232642176
154,cifar10_3c3d,full,1,32,4,cpu,13.609019704163074
155,cifar10_3c3d,full,1,32,5,cpu,14.06083207577467
156,cifar10_3c3d,full,1,32,6,cpu,11.599624425172806
157,cifar10_3c3d,full,1,32,7,cpu,10.410270154476166
158,cifar10_3c3d,full,1,32,8,cpu,10.509959287941456
159,cifar10_3c3d,full,1,32,9,cpu,13.888218499720097
