# {'commit': {'author_time': '2020-11-05T12:50:50+01:00',
#             'branch': 'exp01-benchmark',
#             'dirty': True,
#             'id': '5725fd47e65da3d085feecd5654e945bb810c3e4',
#             'project': 'backboard',
#             'time': '2020-11-05T12:50:50+01:00'},
#  'gpu': {'CUDA Version': '11.0', 'Product Name': 'GeForce RTX 2080 Ti'},
#  'machine': {'cpu': {'brand': 'unknown',
#                      'hardware': 'unknown',
#                      'vendor_id': 'unknown'},
#              'machine': 'x86_64',
#              'processor': 'x86_64',
#              'python_build': ('default', 'Jan  8 2020 19:59:22'),
#              'python_compiler': 'GCC 7.3.0',
#              'python_implementation': 'CPython',
#              'python_implementation_version': '3.7.6',
#              'python_version': '3.7.6',
#              'release': '5.4.0-52-generic',
#              'system': 'Linux'}}
,testproblem,quantities,track_interval,steps,random_seed,device,time_per_step
0,cifar10_3c3d,AlphaOptimized,1,32,0,cuda,0.07762253284454346
1,cifar10_3c3d,AlphaOptimized,1,32,1,cuda,0.07549448311328888
2,cifar10_3c3d,AlphaOptimized,1,32,2,cuda,0.07551747560501099
3,cifar10_3c3d,AlphaOptimized,1,32,3,cuda,0.07562550157308578
4,cifar10_3c3d,AlphaOptimized,1,32,4,cuda,0.07689843326807022
5,cifar10_3c3d,AlphaOptimized,1,32,5,cuda,0.07846899330615997
6,cifar10_3c3d,AlphaOptimized,1,32,6,cuda,0.07548761367797852
7,cifar10_3c3d,AlphaOptimized,1,32,7,cuda,0.07538290321826935
8,cifar10_3c3d,AlphaOptimized,1,32,8,cuda,0.07682567834854126
9,cifar10_3c3d,AlphaOptimized,1,32,9,cuda,0.0773513987660408
10,cifar10_3c3d,BatchGradHistogram1d,1,32,0,cuda,0.0728374719619751
11,cifar10_3c3d,BatchGradHistogram1d,1,32,1,cuda,0.07296492904424667
12,cifar10_3c3d,BatchGradHistogram1d,1,32,2,cuda,0.07324094325304031
13,cifar10_3c3d,BatchGradHistogram1d,1,32,3,cuda,0.07277780771255493
14,cifar10_3c3d,BatchGradHistogram1d,1,32,4,cuda,0.07369787245988846
15,cifar10_3c3d,BatchGradHistogram1d,1,32,5,cuda,0.07428841292858124
16,cifar10_3c3d,BatchGradHistogram1d,1,32,6,cuda,0.07456015050411224
17,cifar10_3c3d,BatchGradHistogram1d,1,32,7,cuda,0.07445605099201202
18,cifar10_3c3d,BatchGradHistogram1d,1,32,8,cuda,0.0742972120642662
19,cifar10_3c3d,BatchGradHistogram1d,1,32,9,cuda,0.07424286007881165
20,cifar10_3c3d,Distance,1,32,0,cuda,0.0617411807179451
21,cifar10_3c3d,Distance,1,32,1,cuda,0.06156133860349655
22,cifar10_3c3d,Distance,1,32,2,cuda,0.06161238253116608
23,cifar10_3c3d,Distance,1,32,3,cuda,0.06178691238164902
24,cifar10_3c3d,Distance,1,32,4,cuda,0.061673469841480255
25,cifar10_3c3d,Distance,1,32,5,cuda,0.06189841032028198
26,cifar10_3c3d,Distance,1,32,6,cuda,0.061755500733852386
27,cifar10_3c3d,Distance,1,32,7,cuda,0.06191788613796234
28,cifar10_3c3d,Distance,1,32,8,cuda,0.06090833991765976
29,cifar10_3c3d,Distance,1,32,9,cuda,0.060971930623054504
30,cifar10_3c3d,GradNorm,1,32,0,cuda,0.06007124483585358
31,cifar10_3c3d,GradNorm,1,32,1,cuda,0.06013931334018707
32,cifar10_3c3d,GradNorm,1,32,2,cuda,0.0599779412150383
33,cifar10_3c3d,GradNorm,1,32,3,cuda,0.06007186323404312
34,cifar10_3c3d,GradNorm,1,32,4,cuda,0.059988319873809814
35,cifar10_3c3d,GradNorm,1,32,5,cuda,0.05996548384428024
36,cifar10_3c3d,GradNorm,1,32,6,cuda,0.06016506999731064
37,cifar10_3c3d,GradNorm,1,32,7,cuda,0.060209378600120544
38,cifar10_3c3d,GradNorm,1,32,8,cuda,0.06103911250829697
39,cifar10_3c3d,GradNorm,1,32,9,cuda,0.06091208755970001
40,cifar10_3c3d,InnerProductTest,1,32,0,cuda,0.07084229588508606
41,cifar10_3c3d,InnerProductTest,1,32,1,cuda,0.07049129158258438
42,cifar10_3c3d,InnerProductTest,1,32,2,cuda,0.07046132534742355
43,cifar10_3c3d,InnerProductTest,1,32,3,cuda,0.07031037658452988
44,cifar10_3c3d,InnerProductTest,1,32,4,cuda,0.07030176371335983
45,cifar10_3c3d,InnerProductTest,1,32,5,cuda,0.07029362767934799
46,cifar10_3c3d,InnerProductTest,1,32,6,cuda,0.07047116756439209
47,cifar10_3c3d,InnerProductTest,1,32,7,cuda,0.07040556520223618
48,cifar10_3c3d,InnerProductTest,1,32,8,cuda,0.06971485167741776
49,cifar10_3c3d,InnerProductTest,1,32,9,cuda,0.06957505643367767
50,cifar10_3c3d,Loss,1,32,0,cuda,0.060056716203689575
51,cifar10_3c3d,Loss,1,32,1,cuda,0.05929706245660782
52,cifar10_3c3d,Loss,1,32,2,cuda,0.05914515256881714
53,cifar10_3c3d,Loss,1,32,3,cuda,0.05928656458854675
54,cifar10_3c3d,Loss,1,32,4,cuda,0.05913028120994568
55,cifar10_3c3d,Loss,1,32,5,cuda,0.05910668522119522
56,cifar10_3c3d,Loss,1,32,6,cuda,0.05946137011051178
57,cifar10_3c3d,Loss,1,32,7,cuda,0.059107668697834015
58,cifar10_3c3d,Loss,1,32,8,cuda,0.0593099370598793
59,cifar10_3c3d,Loss,1,32,9,cuda,0.05927073210477829
60,cifar10_3c3d,NormTest,1,32,0,cuda,0.0667639896273613
61,cifar10_3c3d,NormTest,1,32,1,cuda,0.06706801056861877
62,cifar10_3c3d,NormTest,1,32,2,cuda,0.06677957624197006
63,cifar10_3c3d,NormTest,1,32,3,cuda,0.0668017789721489
64,cifar10_3c3d,NormTest,1,32,4,cuda,0.06667103618383408
65,cifar10_3c3d,NormTest,1,32,5,cuda,0.06682375818490982
66,cifar10_3c3d,NormTest,1,32,6,cuda,0.06773170828819275
67,cifar10_3c3d,NormTest,1,32,7,cuda,0.06673786044120789
68,cifar10_3c3d,NormTest,1,32,8,cuda,0.06680348515510559
69,cifar10_3c3d,NormTest,1,32,9,cuda,0.06670296937227249
70,cifar10_3c3d,OrthogonalityTest,1,32,0,cuda,0.07119188457727432
71,cifar10_3c3d,OrthogonalityTest,1,32,1,cuda,0.0704842284321785
72,cifar10_3c3d,OrthogonalityTest,1,32,2,cuda,0.07037621736526489
73,cifar10_3c3d,OrthogonalityTest,1,32,3,cuda,0.07031582295894623
74,cifar10_3c3d,OrthogonalityTest,1,32,4,cuda,0.07020778954029083
75,cifar10_3c3d,OrthogonalityTest,1,32,5,cuda,0.0704258531332016
76,cifar10_3c3d,OrthogonalityTest,1,32,6,cuda,0.0697934627532959
77,cifar10_3c3d,OrthogonalityTest,1,32,7,cuda,0.07123152166604996
78,cifar10_3c3d,OrthogonalityTest,1,32,8,cuda,0.06970375776290894
79,cifar10_3c3d,OrthogonalityTest,1,32,9,cuda,0.06979148089885712
80,cifar10_3c3d,TICDiag,1,32,0,cuda,0.11001385003328323
81,cifar10_3c3d,TICDiag,1,32,1,cuda,0.1096797063946724
82,cifar10_3c3d,TICDiag,1,32,2,cuda,0.11044324189424515
83,cifar10_3c3d,TICDiag,1,32,3,cuda,0.11000290513038635
84,cifar10_3c3d,TICDiag,1,32,4,cuda,0.10973483324050903
85,cifar10_3c3d,TICDiag,1,32,5,cuda,0.10965025424957275
86,cifar10_3c3d,TICDiag,1,32,6,cuda,0.11018504202365875
87,cifar10_3c3d,TICDiag,1,32,7,cuda,0.10969963669776917
88,cifar10_3c3d,TICDiag,1,32,8,cuda,0.11038830131292343
89,cifar10_3c3d,TICDiag,1,32,9,cuda,0.11059847474098206
90,cifar10_3c3d,Trace,1,32,0,cuda,0.10494224727153778
91,cifar10_3c3d,Trace,1,32,1,cuda,0.10407121479511261
92,cifar10_3c3d,Trace,1,32,2,cuda,0.10422933846712112
93,cifar10_3c3d,Trace,1,32,3,cuda,0.1063818410038948
94,cifar10_3c3d,Trace,1,32,4,cuda,0.10531740635633469
95,cifar10_3c3d,Trace,1,32,5,cuda,0.10554344207048416
96,cifar10_3c3d,Trace,1,32,6,cuda,0.10596826672554016
97,cifar10_3c3d,Trace,1,32,7,cuda,0.10559581220149994
98,cifar10_3c3d,Trace,1,32,8,cuda,0.10527454316616058
99,cifar10_3c3d,Trace,1,32,9,cuda,0.10474415123462677
100,cifar10_3c3d,MaxEV,1,32,0,cuda,0.4352579191327095
101,cifar10_3c3d,MaxEV,1,32,1,cuda,0.5859475284814835
102,cifar10_3c3d,MaxEV,1,32,2,cuda,0.64304269105196
103,cifar10_3c3d,MaxEV,1,32,3,cuda,0.502737283706665
104,cifar10_3c3d,MaxEV,1,32,4,cuda,0.5695752054452896
105,cifar10_3c3d,MaxEV,1,32,5,cuda,0.6660730242729187
106,cifar10_3c3d,MaxEV,1,32,6,cuda,0.4493292197585106
107,cifar10_3c3d,MaxEV,1,32,7,cuda,0.43992795795202255
108,cifar10_3c3d,MaxEV,1,32,8,cuda,0.42264993488788605
109,cifar10_3c3d,MaxEV,1,32,9,cuda,0.5688961669802666
110,cifar10_3c3d,BatchGradHistogram2d,1,32,0,cuda,1.2231382131576538
111,cifar10_3c3d,BatchGradHistogram2d,1,32,1,cuda,1.2551034018397331
112,cifar10_3c3d,BatchGradHistogram2d,1,32,2,cuda,1.2952987849712372
113,cifar10_3c3d,BatchGradHistogram2d,1,32,3,cuda,1.3173495307564735
114,cifar10_3c3d,BatchGradHistogram2d,1,32,4,cuda,1.39358339458704
115,cifar10_3c3d,BatchGradHistogram2d,1,32,5,cuda,1.2409961521625519
116,cifar10_3c3d,BatchGradHistogram2d,1,32,6,cuda,1.2953526824712753
117,cifar10_3c3d,BatchGradHistogram2d,1,32,7,cuda,1.3030584678053856
118,cifar10_3c3d,BatchGradHistogram2d,1,32,8,cuda,1.2314909249544144
119,cifar10_3c3d,BatchGradHistogram2d,1,32,9,cuda,1.3315514400601387
120,cifar10_3c3d,baseline,1,32,0,cuda,0.05960827320814133
121,cifar10_3c3d,baseline,1,32,1,cuda,0.059423111379146576
122,cifar10_3c3d,baseline,1,32,2,cuda,0.06001487374305725
123,cifar10_3c3d,baseline,1,32,3,cuda,0.05983533710241318
124,cifar10_3c3d,baseline,1,32,4,cuda,0.059569403529167175
125,cifar10_3c3d,baseline,1,32,5,cuda,0.05991201847791672
126,cifar10_3c3d,baseline,1,32,6,cuda,0.05981148034334183
127,cifar10_3c3d,baseline,1,32,7,cuda,0.0599752739071846
128,cifar10_3c3d,baseline,1,32,8,cuda,0.05989068001508713
129,cifar10_3c3d,baseline,1,32,9,cuda,0.06010165810585022
130,cifar10_3c3d,economy,1,32,0,cuda,0.09900378435850143
131,cifar10_3c3d,economy,1,32,1,cuda,0.09757008403539658
132,cifar10_3c3d,economy,1,32,2,cuda,0.09755714982748032
133,cifar10_3c3d,economy,1,32,3,cuda,0.09946741163730621
134,cifar10_3c3d,economy,1,32,4,cuda,0.09696321934461594
135,cifar10_3c3d,economy,1,32,5,cuda,0.09735911339521408
136,cifar10_3c3d,economy,1,32,6,cuda,0.09735403209924698
137,cifar10_3c3d,economy,1,32,7,cuda,0.09806925803422928
138,cifar10_3c3d,economy,1,32,8,cuda,0.09751773625612259
139,cifar10_3c3d,economy,1,32,9,cuda,0.09697795659303665
140,cifar10_3c3d,business,1,32,0,cuda,0.14060328155755997
141,cifar10_3c3d,business,1,32,1,cuda,0.13935942947864532
142,cifar10_3c3d,business,1,32,2,cuda,0.1386779174208641
143,cifar10_3c3d,business,1,32,3,cuda,0.14094803482294083
144,cifar10_3c3d,business,1,32,4,cuda,0.1395503208041191
145,cifar10_3c3d,business,1,32,5,cuda,0.1390741541981697
146,cifar10_3c3d,business,1,32,6,cuda,0.1394941806793213
147,cifar10_3c3d,business,1,32,7,cuda,0.13866253942251205
148,cifar10_3c3d,business,1,32,8,cuda,0.13896992802619934
149,cifar10_3c3d,business,1,32,9,cuda,0.1388685554265976
150,cifar10_3c3d,full,1,32,0,cuda,1.6687931194901466
151,cifar10_3c3d,full,1,32,1,cuda,1.8297111615538597
152,cifar10_3c3d,full,1,32,2,cuda,1.93252494931221
153,cifar10_3c3d,full,1,32,3,cuda,1.831587553024292
154,cifar10_3c3d,full,1,32,4,cuda,1.98629479855299
155,cifar10_3c3d,full,1,32,5,cuda,1.867137037217617
156,cifar10_3c3d,full,1,32,6,cuda,1.7643700018525124
157,cifar10_3c3d,full,1,32,7,cuda,1.7586178854107857
158,cifar10_3c3d,full,1,32,8,cuda,1.6840234249830246
159,cifar10_3c3d,full,1,32,9,cuda,1.987816721200943
