# {'commit': {'author_time': '2020-11-05T12:50:50+01:00',
#             'branch': 'exp01-benchmark',
#             'dirty': True,
#             'id': '5725fd47e65da3d085feecd5654e945bb810c3e4',
#             'project': 'backboard',
#             'time': '2020-11-05T12:50:50+01:00'},
#  'gpu': {'CUDA Version': '11.0', 'Product Name': 'GeForce RTX 2080 Ti'},
#  'machine': {'cpu': {'brand': 'unknown',
#                      'hardware': 'unknown',
#                      'vendor_id': 'unknown'},
#              'machine': 'x86_64',
#              'processor': 'x86_64',
#              'python_build': ('default', 'Jan  8 2020 19:59:22'),
#              'python_compiler': 'GCC 7.3.0',
#              'python_implementation': 'CPython',
#              'python_implementation_version': '3.7.6',
#              'python_version': '3.7.6',
#              'release': '5.4.0-52-generic',
#              'system': 'Linux'}}
,testproblem,quantities,track_interval,steps,random_seed,device,time_per_step
0,fmnist_2c2d,AlphaOptimized,1,32,0,cuda,0.0420859232544899
1,fmnist_2c2d,AlphaOptimized,1,32,1,cuda,0.041280925273895264
2,fmnist_2c2d,AlphaOptimized,1,32,2,cuda,0.041795358061790466
3,fmnist_2c2d,AlphaOptimized,1,32,3,cuda,0.04146122932434082
4,fmnist_2c2d,AlphaOptimized,1,32,4,cuda,0.04143757373094559
5,fmnist_2c2d,AlphaOptimized,1,32,5,cuda,0.04171358793973923
6,fmnist_2c2d,AlphaOptimized,1,32,6,cuda,0.0413348525762558
7,fmnist_2c2d,AlphaOptimized,1,32,7,cuda,0.04125719517469406
8,fmnist_2c2d,AlphaOptimized,1,32,8,cuda,0.04169571399688721
9,fmnist_2c2d,AlphaOptimized,1,32,9,cuda,0.041225165128707886
10,fmnist_2c2d,BatchGradHistogram1d,1,32,0,cuda,0.045475490391254425
11,fmnist_2c2d,BatchGradHistogram1d,1,32,1,cuda,0.04520716518163681
12,fmnist_2c2d,BatchGradHistogram1d,1,32,2,cuda,0.04504703730344772
13,fmnist_2c2d,BatchGradHistogram1d,1,32,3,cuda,0.04549728333950043
14,fmnist_2c2d,BatchGradHistogram1d,1,32,4,cuda,0.045092567801475525
15,fmnist_2c2d,BatchGradHistogram1d,1,32,5,cuda,0.04506930708885193
16,fmnist_2c2d,BatchGradHistogram1d,1,32,6,cuda,0.04501696676015854
17,fmnist_2c2d,BatchGradHistogram1d,1,32,7,cuda,0.04461514949798584
18,fmnist_2c2d,BatchGradHistogram1d,1,32,8,cuda,0.04549301415681839
19,fmnist_2c2d,BatchGradHistogram1d,1,32,9,cuda,0.04525981843471527
20,fmnist_2c2d,Distance,1,32,0,cuda,0.012996740639209747
21,fmnist_2c2d,Distance,1,32,1,cuda,0.012972675263881683
22,fmnist_2c2d,Distance,1,32,2,cuda,0.013143181800842285
23,fmnist_2c2d,Distance,1,32,3,cuda,0.01295199990272522
24,fmnist_2c2d,Distance,1,32,4,cuda,0.013425670564174652
25,fmnist_2c2d,Distance,1,32,5,cuda,0.012997224926948547
26,fmnist_2c2d,Distance,1,32,6,cuda,0.012994848191738129
27,fmnist_2c2d,Distance,1,32,7,cuda,0.013011246919631958
28,fmnist_2c2d,Distance,1,32,8,cuda,0.013143129646778107
29,fmnist_2c2d,Distance,1,32,9,cuda,0.012818090617656708
30,fmnist_2c2d,GradNorm,1,32,0,cuda,0.012199215590953827
31,fmnist_2c2d,GradNorm,1,32,1,cuda,0.012951232492923737
32,fmnist_2c2d,GradNorm,1,32,2,cuda,0.012663796544075012
33,fmnist_2c2d,GradNorm,1,32,3,cuda,0.012481115758419037
34,fmnist_2c2d,GradNorm,1,32,4,cuda,0.012493468821048737
35,fmnist_2c2d,GradNorm,1,32,5,cuda,0.012466363608837128
36,fmnist_2c2d,GradNorm,1,32,6,cuda,0.012488216161727905
37,fmnist_2c2d,GradNorm,1,32,7,cuda,0.0124836266040802
38,fmnist_2c2d,GradNorm,1,32,8,cuda,0.012451007962226868
39,fmnist_2c2d,GradNorm,1,32,9,cuda,0.012567102909088135
40,fmnist_2c2d,InnerProductTest,1,32,0,cuda,0.030508458614349365
41,fmnist_2c2d,InnerProductTest,1,32,1,cuda,0.03128575533628464
42,fmnist_2c2d,InnerProductTest,1,32,2,cuda,0.030699454247951508
43,fmnist_2c2d,InnerProductTest,1,32,3,cuda,0.03038104623556137
44,fmnist_2c2d,InnerProductTest,1,32,4,cuda,0.029869966208934784
45,fmnist_2c2d,InnerProductTest,1,32,5,cuda,0.030244603753089905
46,fmnist_2c2d,InnerProductTest,1,32,6,cuda,0.030560918152332306
47,fmnist_2c2d,InnerProductTest,1,32,7,cuda,0.030509144067764282
48,fmnist_2c2d,InnerProductTest,1,32,8,cuda,0.029875509440898895
49,fmnist_2c2d,InnerProductTest,1,32,9,cuda,0.030421145260334015
50,fmnist_2c2d,Loss,1,32,0,cuda,0.011897012591362
51,fmnist_2c2d,Loss,1,32,1,cuda,0.01195092499256134
52,fmnist_2c2d,Loss,1,32,2,cuda,0.01194707304239273
53,fmnist_2c2d,Loss,1,32,3,cuda,0.012388862669467926
54,fmnist_2c2d,Loss,1,32,4,cuda,0.01190851628780365
55,fmnist_2c2d,Loss,1,32,5,cuda,0.01270119845867157
56,fmnist_2c2d,Loss,1,32,6,cuda,0.012048929929733276
57,fmnist_2c2d,Loss,1,32,7,cuda,0.011992134153842926
58,fmnist_2c2d,Loss,1,32,8,cuda,0.01196492463350296
59,fmnist_2c2d,Loss,1,32,9,cuda,0.012739002704620361
60,fmnist_2c2d,NormTest,1,32,0,cuda,0.026462696492671967
61,fmnist_2c2d,NormTest,1,32,1,cuda,0.026684902608394623
62,fmnist_2c2d,NormTest,1,32,2,cuda,0.02649473398923874
63,fmnist_2c2d,NormTest,1,32,3,cuda,0.026575475931167603
64,fmnist_2c2d,NormTest,1,32,4,cuda,0.02669384330511093
65,fmnist_2c2d,NormTest,1,32,5,cuda,0.026939257979393005
66,fmnist_2c2d,NormTest,1,32,6,cuda,0.026497505605220795
67,fmnist_2c2d,NormTest,1,32,7,cuda,0.026356279850006104
68,fmnist_2c2d,NormTest,1,32,8,cuda,0.026600852608680725
69,fmnist_2c2d,NormTest,1,32,9,cuda,0.026219680905342102
70,fmnist_2c2d,OrthogonalityTest,1,32,0,cuda,0.02983364462852478
71,fmnist_2c2d,OrthogonalityTest,1,32,1,cuda,0.030472740530967712
72,fmnist_2c2d,OrthogonalityTest,1,32,2,cuda,0.0308721661567688
73,fmnist_2c2d,OrthogonalityTest,1,32,3,cuda,0.03094058483839035
74,fmnist_2c2d,OrthogonalityTest,1,32,4,cuda,0.030654028058052063
75,fmnist_2c2d,OrthogonalityTest,1,32,5,cuda,0.030618742108345032
76,fmnist_2c2d,OrthogonalityTest,1,32,6,cuda,0.030565492808818817
77,fmnist_2c2d,OrthogonalityTest,1,32,7,cuda,0.0314456969499588
78,fmnist_2c2d,OrthogonalityTest,1,32,8,cuda,0.030863605439662933
79,fmnist_2c2d,OrthogonalityTest,1,32,9,cuda,0.030748143792152405
80,fmnist_2c2d,TICDiag,1,32,0,cuda,0.05620434135198593
81,fmnist_2c2d,TICDiag,1,32,1,cuda,0.05675874650478363
82,fmnist_2c2d,TICDiag,1,32,2,cuda,0.05618198961019516
83,fmnist_2c2d,TICDiag,1,32,3,cuda,0.05708937346935272
84,fmnist_2c2d,TICDiag,1,32,4,cuda,0.055905312299728394
85,fmnist_2c2d,TICDiag,1,32,5,cuda,0.05614735186100006
86,fmnist_2c2d,TICDiag,1,32,6,cuda,0.05658702552318573
87,fmnist_2c2d,TICDiag,1,32,7,cuda,0.056691043078899384
88,fmnist_2c2d,TICDiag,1,32,8,cuda,0.056386835873126984
89,fmnist_2c2d,TICDiag,1,32,9,cuda,0.056686513125896454
90,fmnist_2c2d,Trace,1,32,0,cuda,0.042143888771533966
91,fmnist_2c2d,Trace,1,32,1,cuda,0.04188801348209381
92,fmnist_2c2d,Trace,1,32,2,cuda,0.04206317663192749
93,fmnist_2c2d,Trace,1,32,3,cuda,0.04165377467870712
94,fmnist_2c2d,Trace,1,32,4,cuda,0.04233597218990326
95,fmnist_2c2d,Trace,1,32,5,cuda,0.04207240045070648
96,fmnist_2c2d,Trace,1,32,6,cuda,0.04183938354253769
97,fmnist_2c2d,Trace,1,32,7,cuda,0.04168234020471573
98,fmnist_2c2d,Trace,1,32,8,cuda,0.042805105447769165
99,fmnist_2c2d,Trace,1,32,9,cuda,0.04227285832166672
100,fmnist_2c2d,MaxEV,1,32,0,cuda,0.16147734969854355
101,fmnist_2c2d,MaxEV,1,32,1,cuda,0.42368777096271515
102,fmnist_2c2d,MaxEV,1,32,2,cuda,0.5100133121013641
103,fmnist_2c2d,MaxEV,1,32,3,cuda,0.26786457002162933
104,fmnist_2c2d,MaxEV,1,32,4,cuda,0.18521395325660706
105,fmnist_2c2d,MaxEV,1,32,5,cuda,0.3186977952718735
106,fmnist_2c2d,MaxEV,1,32,6,cuda,0.2261674627661705
107,fmnist_2c2d,MaxEV,1,32,7,cuda,0.16790711879730225
108,fmnist_2c2d,MaxEV,1,32,8,cuda,0.2548547014594078
109,fmnist_2c2d,MaxEV,1,32,9,cuda,0.29254113882780075
110,fmnist_2c2d,BatchGradHistogram2d,1,32,0,cuda,2.7198460027575493
111,fmnist_2c2d,BatchGradHistogram2d,1,32,1,cuda,2.7069056257605553
112,fmnist_2c2d,BatchGradHistogram2d,1,32,2,cuda,2.692558489739895
113,fmnist_2c2d,BatchGradHistogram2d,1,32,3,cuda,2.720172643661499
114,fmnist_2c2d,BatchGradHistogram2d,1,32,4,cuda,2.733984224498272
115,fmnist_2c2d,BatchGradHistogram2d,1,32,5,cuda,2.6650900468230247
116,fmnist_2c2d,BatchGradHistogram2d,1,32,6,cuda,2.696168042719364
117,fmnist_2c2d,BatchGradHistogram2d,1,32,7,cuda,2.722869835793972
118,fmnist_2c2d,BatchGradHistogram2d,1,32,8,cuda,2.7183481752872467
119,fmnist_2c2d,BatchGradHistogram2d,1,32,9,cuda,2.706251174211502
120,fmnist_2c2d,baseline,1,32,0,cuda,0.012204088270664215
121,fmnist_2c2d,baseline,1,32,1,cuda,0.013090364634990692
122,fmnist_2c2d,baseline,1,32,2,cuda,0.012721076607704163
123,fmnist_2c2d,baseline,1,32,3,cuda,0.012113481760025024
124,fmnist_2c2d,baseline,1,32,4,cuda,0.01222221553325653
125,fmnist_2c2d,baseline,1,32,5,cuda,0.012198537588119507
126,fmnist_2c2d,baseline,1,32,6,cuda,0.012177340686321259
127,fmnist_2c2d,baseline,1,32,7,cuda,0.012126073241233826
128,fmnist_2c2d,baseline,1,32,8,cuda,0.012118794023990631
129,fmnist_2c2d,baseline,1,32,9,cuda,0.012120969593524933
130,fmnist_2c2d,economy,1,32,0,cuda,0.09478946775197983
131,fmnist_2c2d,economy,1,32,1,cuda,0.09514163434505463
132,fmnist_2c2d,economy,1,32,2,cuda,0.09471834450960159
133,fmnist_2c2d,economy,1,32,3,cuda,0.09460745751857758
134,fmnist_2c2d,economy,1,32,4,cuda,0.09462808817625046
135,fmnist_2c2d,economy,1,32,5,cuda,0.09501172602176666
136,fmnist_2c2d,economy,1,32,6,cuda,0.09431029111146927
137,fmnist_2c2d,economy,1,32,7,cuda,0.09376410394906998
138,fmnist_2c2d,economy,1,32,8,cuda,0.0939999669790268
139,fmnist_2c2d,economy,1,32,9,cuda,0.0935414507985115
140,fmnist_2c2d,business,1,32,0,cuda,0.13334861397743225
141,fmnist_2c2d,business,1,32,1,cuda,0.13227513432502747
142,fmnist_2c2d,business,1,32,2,cuda,0.13210011273622513
143,fmnist_2c2d,business,1,32,3,cuda,0.13223952054977417
144,fmnist_2c2d,business,1,32,4,cuda,0.13193200528621674
145,fmnist_2c2d,business,1,32,5,cuda,0.13492655754089355
146,fmnist_2c2d,business,1,32,6,cuda,0.13238612562417984
147,fmnist_2c2d,business,1,32,7,cuda,0.13279800862073898
148,fmnist_2c2d,business,1,32,8,cuda,0.1325528398156166
149,fmnist_2c2d,business,1,32,9,cuda,0.13304375112056732
150,fmnist_2c2d,full,1,32,0,cuda,2.977488122880459
151,fmnist_2c2d,full,1,32,1,cuda,3.244097150862217
152,fmnist_2c2d,full,1,32,2,cuda,3.32083810120821
153,fmnist_2c2d,full,1,32,3,cuda,3.0982253327965736
154,fmnist_2c2d,full,1,32,4,cuda,3.024645410478115
155,fmnist_2c2d,full,1,32,5,cuda,3.102176435291767
156,fmnist_2c2d,full,1,32,6,cuda,3.0383990854024887
157,fmnist_2c2d,full,1,32,7,cuda,2.9960547536611557
158,fmnist_2c2d,full,1,32,8,cuda,3.081417992711067
159,fmnist_2c2d,full,1,32,9,cuda,3.1120593696832657
