# {'commit': {'author_time': '2020-11-07T11:04:56+01:00',
#             'branch': 'exp01-benchmark',
#             'dirty': False,
#             'id': 'e03c32fb595320da44f5c7e050b5ab9ae5ab2e1d',
#             'project': 'backboard',
#             'time': '2020-11-07T11:05:38+01:00'},
#  'gpu': {'CUDA Version': '11.0', 'Product Name': 'GeForce RTX 2080 Ti'},
#  'machine': {'cpu': {'brand': 'unknown',
#                      'hardware': 'unknown',
#                      'vendor_id': 'unknown'},
#              'machine': 'x86_64',
#              'processor': 'x86_64',
#              'python_build': ('default', 'Jan  8 2020 19:59:22'),
#              'python_compiler': 'GCC 7.3.0',
#              'python_implementation': 'CPython',
#              'python_implementation_version': '3.7.6',
#              'python_version': '3.7.6',
#              'release': '5.4.0-52-generic',
#              'system': 'Linux'}}
,testproblem,quantities,track_interval,steps,random_seed,device,time_per_step
0,fmnist_2c2d,AlphaOptimized,1,32,0,cpu,0.7413693368434906
1,fmnist_2c2d,AlphaOptimized,1,32,1,cpu,0.7387911006808281
2,fmnist_2c2d,AlphaOptimized,1,32,2,cpu,0.7488263845443726
3,fmnist_2c2d,AlphaOptimized,1,32,3,cpu,0.7459986358880997
4,fmnist_2c2d,AlphaOptimized,1,32,4,cpu,0.7388746738433838
5,fmnist_2c2d,AlphaOptimized,1,32,5,cpu,0.7436984553933144
6,fmnist_2c2d,AlphaOptimized,1,32,6,cpu,0.7397995442152023
7,fmnist_2c2d,AlphaOptimized,1,32,7,cpu,0.7485974058508873
8,fmnist_2c2d,AlphaOptimized,1,32,8,cpu,0.7412760332226753
9,fmnist_2c2d,AlphaOptimized,1,32,9,cpu,0.7361519560217857
10,fmnist_2c2d,BatchGradHistogram1d,1,32,0,cpu,1.1999823823571205
11,fmnist_2c2d,BatchGradHistogram1d,1,32,1,cpu,1.2159800231456757
12,fmnist_2c2d,BatchGradHistogram1d,1,32,2,cpu,1.212408408522606
13,fmnist_2c2d,BatchGradHistogram1d,1,32,3,cpu,1.21885147690773
14,fmnist_2c2d,BatchGradHistogram1d,1,32,4,cpu,1.2046829909086227
15,fmnist_2c2d,BatchGradHistogram1d,1,32,5,cpu,1.1968474090099335
16,fmnist_2c2d,BatchGradHistogram1d,1,32,6,cpu,1.1950814574956894
17,fmnist_2c2d,BatchGradHistogram1d,1,32,7,cpu,1.2125852406024933
18,fmnist_2c2d,BatchGradHistogram1d,1,32,8,cpu,1.210718922317028
19,fmnist_2c2d,BatchGradHistogram1d,1,32,9,cpu,1.2115018963813782
20,fmnist_2c2d,Distance,1,32,0,cpu,0.05963434278964996
21,fmnist_2c2d,Distance,1,32,1,cpu,0.05883050709962845
22,fmnist_2c2d,Distance,1,32,2,cpu,0.05927746742963791
23,fmnist_2c2d,Distance,1,32,3,cpu,0.059493452310562134
24,fmnist_2c2d,Distance,1,32,4,cpu,0.059144191443920135
25,fmnist_2c2d,Distance,1,32,5,cpu,0.0603671595454216
26,fmnist_2c2d,Distance,1,32,6,cpu,0.059079959988594055
27,fmnist_2c2d,Distance,1,32,7,cpu,0.058800891041755676
28,fmnist_2c2d,Distance,1,32,8,cpu,0.05933767557144165
29,fmnist_2c2d,Distance,1,32,9,cpu,0.059675462543964386
30,fmnist_2c2d,GradNorm,1,32,0,cpu,0.05367330461740494
31,fmnist_2c2d,GradNorm,1,32,1,cpu,0.05387870967388153
32,fmnist_2c2d,GradNorm,1,32,2,cpu,0.05372136831283569
33,fmnist_2c2d,GradNorm,1,32,3,cpu,0.05392860621213913
34,fmnist_2c2d,GradNorm,1,32,4,cpu,0.05373823642730713
35,fmnist_2c2d,GradNorm,1,32,5,cpu,0.05403074622154236
36,fmnist_2c2d,GradNorm,1,32,6,cpu,0.053869687020778656
37,fmnist_2c2d,GradNorm,1,32,7,cpu,0.05347517877817154
38,fmnist_2c2d,GradNorm,1,32,8,cpu,0.05406254529953003
39,fmnist_2c2d,GradNorm,1,32,9,cpu,0.053662993013858795
40,fmnist_2c2d,InnerProductTest,1,32,0,cpu,0.3871109336614609
41,fmnist_2c2d,InnerProductTest,1,32,1,cpu,0.3830890357494354
42,fmnist_2c2d,InnerProductTest,1,32,2,cpu,0.38575591892004013
43,fmnist_2c2d,InnerProductTest,1,32,3,cpu,0.3790333420038223
44,fmnist_2c2d,InnerProductTest,1,32,4,cpu,0.3791896551847458
45,fmnist_2c2d,InnerProductTest,1,32,5,cpu,0.3773299679160118
46,fmnist_2c2d,InnerProductTest,1,32,6,cpu,0.3865930810570717
47,fmnist_2c2d,InnerProductTest,1,32,7,cpu,0.3862590491771698
48,fmnist_2c2d,InnerProductTest,1,32,8,cpu,0.382548451423645
49,fmnist_2c2d,InnerProductTest,1,32,9,cpu,0.37894248217344284
50,fmnist_2c2d,Loss,1,32,0,cpu,0.05330897122621536
51,fmnist_2c2d,Loss,1,32,1,cpu,0.05330947786569595
52,fmnist_2c2d,Loss,1,32,2,cpu,0.0531601682305336
53,fmnist_2c2d,Loss,1,32,3,cpu,0.05339536815881729
54,fmnist_2c2d,Loss,1,32,4,cpu,0.05325073003768921
55,fmnist_2c2d,Loss,1,32,5,cpu,0.05639888346195221
56,fmnist_2c2d,Loss,1,32,6,cpu,0.05392632633447647
57,fmnist_2c2d,Loss,1,32,7,cpu,0.05400979518890381
58,fmnist_2c2d,Loss,1,32,8,cpu,0.05440501123666763
59,fmnist_2c2d,Loss,1,32,9,cpu,0.05362841486930847
60,fmnist_2c2d,NormTest,1,32,0,cpu,0.3980625346302986
61,fmnist_2c2d,NormTest,1,32,1,cpu,0.4001179188489914
62,fmnist_2c2d,NormTest,1,32,2,cpu,0.3977937772870064
63,fmnist_2c2d,NormTest,1,32,3,cpu,0.39808979630470276
64,fmnist_2c2d,NormTest,1,32,4,cpu,0.3976079672574997
65,fmnist_2c2d,NormTest,1,32,5,cpu,0.39861591160297394
66,fmnist_2c2d,NormTest,1,32,6,cpu,0.3975360170006752
67,fmnist_2c2d,NormTest,1,32,7,cpu,0.3980218321084976
68,fmnist_2c2d,NormTest,1,32,8,cpu,0.4001133367419243
69,fmnist_2c2d,NormTest,1,32,9,cpu,0.40732936561107635
70,fmnist_2c2d,OrthogonalityTest,1,32,0,cpu,0.3815145716071129
71,fmnist_2c2d,OrthogonalityTest,1,32,1,cpu,0.3798889070749283
72,fmnist_2c2d,OrthogonalityTest,1,32,2,cpu,0.379061296582222
73,fmnist_2c2d,OrthogonalityTest,1,32,3,cpu,0.3794756978750229
74,fmnist_2c2d,OrthogonalityTest,1,32,4,cpu,0.3779722601175308
75,fmnist_2c2d,OrthogonalityTest,1,32,5,cpu,0.3835587352514267
76,fmnist_2c2d,OrthogonalityTest,1,32,6,cpu,0.37942013144493103
77,fmnist_2c2d,OrthogonalityTest,1,32,7,cpu,0.3797237500548363
78,fmnist_2c2d,OrthogonalityTest,1,32,8,cpu,0.3797399625182152
79,fmnist_2c2d,OrthogonalityTest,1,32,9,cpu,0.38974256068468094
80,fmnist_2c2d,TICDiag,1,32,0,cpu,0.9992873296141624
81,fmnist_2c2d,TICDiag,1,32,1,cpu,1.0038433074951172
82,fmnist_2c2d,TICDiag,1,32,2,cpu,0.9687789902091026
83,fmnist_2c2d,TICDiag,1,32,3,cpu,0.9719375222921371
84,fmnist_2c2d,TICDiag,1,32,4,cpu,0.9719575420022011
85,fmnist_2c2d,TICDiag,1,32,5,cpu,0.9815059751272202
86,fmnist_2c2d,TICDiag,1,32,6,cpu,1.0008592829108238
87,fmnist_2c2d,TICDiag,1,32,7,cpu,1.0044561922550201
88,fmnist_2c2d,TICDiag,1,32,8,cpu,0.9726860597729683
89,fmnist_2c2d,TICDiag,1,32,9,cpu,0.9713358506560326
90,fmnist_2c2d,Trace,1,32,0,cpu,0.6005044057965279
91,fmnist_2c2d,Trace,1,32,1,cpu,0.5986523553729057
92,fmnist_2c2d,Trace,1,32,2,cpu,0.6215618923306465
93,fmnist_2c2d,Trace,1,32,3,cpu,0.6190037578344345
94,fmnist_2c2d,Trace,1,32,4,cpu,0.5984930768609047
95,fmnist_2c2d,Trace,1,32,5,cpu,0.6019027605652809
96,fmnist_2c2d,Trace,1,32,6,cpu,0.599815659224987
97,fmnist_2c2d,Trace,1,32,7,cpu,0.618751272559166
98,fmnist_2c2d,Trace,1,32,8,cpu,0.6241651177406311
99,fmnist_2c2d,Trace,1,32,9,cpu,0.6146156042814255
100,fmnist_2c2d,MaxEV,1,32,0,cpu,2.952227331697941
101,fmnist_2c2d,MaxEV,1,32,1,cpu,8.153625406324863
102,fmnist_2c2d,MaxEV,1,32,2,cpu,9.739284925162792
103,fmnist_2c2d,MaxEV,1,32,3,cpu,5.0182044506073
104,fmnist_2c2d,MaxEV,1,32,4,cpu,3.4441577419638634
105,fmnist_2c2d,MaxEV,1,32,5,cpu,6.01967104524374
106,fmnist_2c2d,MaxEV,1,32,6,cpu,4.240380138158798
107,fmnist_2c2d,MaxEV,1,32,7,cpu,3.0824106112122536
108,fmnist_2c2d,MaxEV,1,32,8,cpu,4.73577855527401
109,fmnist_2c2d,MaxEV,1,32,9,cpu,5.497556202113628
110,fmnist_2c2d,BatchGradHistogram2d,1,32,0,cpu,4.889564231038094
111,fmnist_2c2d,BatchGradHistogram2d,1,32,1,cpu,4.8841347843408585
112,fmnist_2c2d,BatchGradHistogram2d,1,32,2,cpu,4.876218810677528
113,fmnist_2c2d,BatchGradHistogram2d,1,32,3,cpu,4.903006672859192
114,fmnist_2c2d,BatchGradHistogram2d,1,32,4,cpu,4.899201191961765
115,fmnist_2c2d,BatchGradHistogram2d,1,32,5,cpu,4.8947253823280334
116,fmnist_2c2d,BatchGradHistogram2d,1,32,6,cpu,4.90221081674099
117,fmnist_2c2d,BatchGradHistogram2d,1,32,7,cpu,4.9254701137542725
118,fmnist_2c2d,BatchGradHistogram2d,1,32,8,cpu,4.910918243229389
119,fmnist_2c2d,BatchGradHistogram2d,1,32,9,cpu,4.891473613679409
120,fmnist_2c2d,baseline,1,32,0,cpu,0.05351567268371582
121,fmnist_2c2d,baseline,1,32,1,cpu,0.05352873355150223
122,fmnist_2c2d,baseline,1,32,2,cpu,0.05352013558149338
123,fmnist_2c2d,baseline,1,32,3,cpu,0.05396682769060135
124,fmnist_2c2d,baseline,1,32,4,cpu,0.053561799228191376
125,fmnist_2c2d,baseline,1,32,5,cpu,0.053918831050395966
126,fmnist_2c2d,baseline,1,32,6,cpu,0.05404433608055115
127,fmnist_2c2d,baseline,1,32,7,cpu,0.0536498948931694
128,fmnist_2c2d,baseline,1,32,8,cpu,0.053451284766197205
129,fmnist_2c2d,baseline,1,32,9,cpu,0.053824059665203094
130,fmnist_2c2d,economy,1,32,0,cpu,2.155547372996807
131,fmnist_2c2d,economy,1,32,1,cpu,2.1592485830187798
132,fmnist_2c2d,economy,1,32,2,cpu,2.158298186957836
133,fmnist_2c2d,economy,1,32,3,cpu,2.1766423881053925
134,fmnist_2c2d,economy,1,32,4,cpu,2.1490329802036285
135,fmnist_2c2d,economy,1,32,5,cpu,2.1619211956858635
136,fmnist_2c2d,economy,1,32,6,cpu,2.156045123934746
137,fmnist_2c2d,economy,1,32,7,cpu,2.169328048825264
138,fmnist_2c2d,economy,1,32,8,cpu,2.163314275443554
139,fmnist_2c2d,economy,1,32,9,cpu,2.1577023938298225
140,fmnist_2c2d,business,1,32,0,cpu,2.965322934091091
141,fmnist_2c2d,business,1,32,1,cpu,2.940112739801407
142,fmnist_2c2d,business,1,32,2,cpu,2.9426980018615723
143,fmnist_2c2d,business,1,32,3,cpu,2.9695827588438988
144,fmnist_2c2d,business,1,32,4,cpu,3.037352316081524
145,fmnist_2c2d,business,1,32,5,cpu,2.9865868911147118
146,fmnist_2c2d,business,1,32,6,cpu,2.965945489704609
147,fmnist_2c2d,business,1,32,7,cpu,2.9568585455417633
148,fmnist_2c2d,business,1,32,8,cpu,2.9547179639339447
149,fmnist_2c2d,business,1,32,9,cpu,2.9605858474969864
150,fmnist_2c2d,full,1,32,0,cpu,10.572567872703075
151,fmnist_2c2d,full,1,32,1,cpu,16.05963360518217
152,fmnist_2c2d,full,1,32,2,cpu,17.12540975213051
153,fmnist_2c2d,full,1,32,3,cpu,12.620773166418076
154,fmnist_2c2d,full,1,32,4,cpu,11.058560587465763
155,fmnist_2c2d,full,1,32,5,cpu,13.649683840572834
156,fmnist_2c2d,full,1,32,6,cpu,11.799491107463837
157,fmnist_2c2d,full,1,32,7,cpu,10.673972897231579
158,fmnist_2c2d,full,1,32,8,cpu,12.33755398541689
159,fmnist_2c2d,full,1,32,9,cpu,13.087939344346523
