# {'commit': {'author_time': '2020-11-05T12:50:50+01:00',
#             'branch': 'exp01-benchmark',
#             'dirty': True,
#             'id': '5725fd47e65da3d085feecd5654e945bb810c3e4',
#             'project': 'backboard',
#             'time': '2020-11-05T12:50:50+01:00'},
#  'gpu': {'CUDA Version': '11.0', 'Product Name': 'GeForce RTX 2080 Ti'},
#  'machine': {'cpu': {'brand': 'unknown',
#                      'hardware': 'unknown',
#                      'vendor_id': 'unknown'},
#              'machine': 'x86_64',
#              'processor': 'x86_64',
#              'python_build': ('default', 'Jan  8 2020 19:59:22'),
#              'python_compiler': 'GCC 7.3.0',
#              'python_implementation': 'CPython',
#              'python_implementation_version': '3.7.6',
#              'python_version': '3.7.6',
#              'release': '5.4.0-52-generic',
#              'system': 'Linux'}}
,testproblem,quantities,track_interval,steps,random_seed,device,time_per_step
0,mnist_logreg,AlphaOptimized,1,32,0,cuda,0.009506352245807648
1,mnist_logreg,AlphaOptimized,1,32,1,cuda,0.009621120989322662
2,mnist_logreg,AlphaOptimized,1,32,2,cuda,0.009781621396541595
3,mnist_logreg,AlphaOptimized,1,32,3,cuda,0.009899526834487915
4,mnist_logreg,AlphaOptimized,1,32,4,cuda,0.009487487375736237
5,mnist_logreg,AlphaOptimized,1,32,5,cuda,0.009525790810585022
6,mnist_logreg,AlphaOptimized,1,32,6,cuda,0.010425165295600891
7,mnist_logreg,AlphaOptimized,1,32,7,cuda,0.00922790914773941
8,mnist_logreg,AlphaOptimized,1,32,8,cuda,0.00949222594499588
9,mnist_logreg,AlphaOptimized,1,32,9,cuda,0.009149976074695587
10,mnist_logreg,BatchGradHistogram1d,1,32,0,cuda,0.008207052946090698
11,mnist_logreg,BatchGradHistogram1d,1,32,1,cuda,0.008901618421077728
12,mnist_logreg,BatchGradHistogram1d,1,32,2,cuda,0.008273132145404816
13,mnist_logreg,BatchGradHistogram1d,1,32,3,cuda,0.008274167776107788
14,mnist_logreg,BatchGradHistogram1d,1,32,4,cuda,0.008285008370876312
15,mnist_logreg,BatchGradHistogram1d,1,32,5,cuda,0.008249923586845398
16,mnist_logreg,BatchGradHistogram1d,1,32,6,cuda,0.008277960121631622
17,mnist_logreg,BatchGradHistogram1d,1,32,7,cuda,0.008860401809215546
18,mnist_logreg,BatchGradHistogram1d,1,32,8,cuda,0.008275046944618225
19,mnist_logreg,BatchGradHistogram1d,1,32,9,cuda,0.008281901478767395
20,mnist_logreg,Distance,1,32,0,cuda,0.008133359253406525
21,mnist_logreg,Distance,1,32,1,cuda,0.008108817040920258
22,mnist_logreg,Distance,1,32,2,cuda,0.008089885115623474
23,mnist_logreg,Distance,1,32,3,cuda,0.008088037371635437
24,mnist_logreg,Distance,1,32,4,cuda,0.008751392364501953
25,mnist_logreg,Distance,1,32,5,cuda,0.008117340505123138
26,mnist_logreg,Distance,1,32,6,cuda,0.008134618401527405
27,mnist_logreg,Distance,1,32,7,cuda,0.008142158389091492
28,mnist_logreg,Distance,1,32,8,cuda,0.008089914917945862
29,mnist_logreg,Distance,1,32,9,cuda,0.008084870874881744
30,mnist_logreg,GradNorm,1,32,0,cuda,0.007966965436935425
31,mnist_logreg,GradNorm,1,32,1,cuda,0.00859135389328003
32,mnist_logreg,GradNorm,1,32,2,cuda,0.008104026317596436
33,mnist_logreg,GradNorm,1,32,3,cuda,0.00792653113603592
34,mnist_logreg,GradNorm,1,32,4,cuda,0.007953010499477386
35,mnist_logreg,GradNorm,1,32,5,cuda,0.007948674261569977
36,mnist_logreg,GradNorm,1,32,6,cuda,0.00794905424118042
37,mnist_logreg,GradNorm,1,32,7,cuda,0.008025102317333221
38,mnist_logreg,GradNorm,1,32,8,cuda,0.008615784347057343
39,mnist_logreg,GradNorm,1,32,9,cuda,0.008011318743228912
40,mnist_logreg,InnerProductTest,1,32,0,cuda,0.008471757173538208
41,mnist_logreg,InnerProductTest,1,32,1,cuda,0.008480146527290344
42,mnist_logreg,InnerProductTest,1,32,2,cuda,0.008478142321109772
43,mnist_logreg,InnerProductTest,1,32,3,cuda,0.008524991571903229
44,mnist_logreg,InnerProductTest,1,32,4,cuda,0.008450105786323547
45,mnist_logreg,InnerProductTest,1,32,5,cuda,0.008522182703018188
46,mnist_logreg,InnerProductTest,1,32,6,cuda,0.009327374398708344
47,mnist_logreg,InnerProductTest,1,32,7,cuda,0.008589304983615875
48,mnist_logreg,InnerProductTest,1,32,8,cuda,0.008457429707050323
49,mnist_logreg,InnerProductTest,1,32,9,cuda,0.008488789200782776
50,mnist_logreg,Loss,1,32,0,cuda,0.007901810109615326
51,mnist_logreg,Loss,1,32,1,cuda,0.007908418774604797
52,mnist_logreg,Loss,1,32,2,cuda,0.00788687914609909
53,mnist_logreg,Loss,1,32,3,cuda,0.007898472249507904
54,mnist_logreg,Loss,1,32,4,cuda,0.008641079068183899
55,mnist_logreg,Loss,1,32,5,cuda,0.009793184697628021
56,mnist_logreg,Loss,1,32,6,cuda,0.007913157343864441
57,mnist_logreg,Loss,1,32,7,cuda,0.007909439504146576
58,mnist_logreg,Loss,1,32,8,cuda,0.007939264178276062
59,mnist_logreg,Loss,1,32,9,cuda,0.007944487035274506
60,mnist_logreg,NormTest,1,32,0,cuda,0.008752614259719849
61,mnist_logreg,NormTest,1,32,1,cuda,0.008415326476097107
62,mnist_logreg,NormTest,1,32,2,cuda,0.00840449333190918
63,mnist_logreg,NormTest,1,32,3,cuda,0.008397266268730164
64,mnist_logreg,NormTest,1,32,4,cuda,0.008366897702217102
65,mnist_logreg,NormTest,1,32,5,cuda,0.00833805650472641
66,mnist_logreg,NormTest,1,32,6,cuda,0.008374825119972229
67,mnist_logreg,NormTest,1,32,7,cuda,0.009028710424900055
68,mnist_logreg,NormTest,1,32,8,cuda,0.008407533168792725
69,mnist_logreg,NormTest,1,32,9,cuda,0.008381985127925873
70,mnist_logreg,OrthogonalityTest,1,32,0,cuda,0.008452840149402618
71,mnist_logreg,OrthogonalityTest,1,32,1,cuda,0.008474387228488922
72,mnist_logreg,OrthogonalityTest,1,32,2,cuda,0.008451350033283234
73,mnist_logreg,OrthogonalityTest,1,32,3,cuda,0.00845085084438324
74,mnist_logreg,OrthogonalityTest,1,32,4,cuda,0.008419886231422424
75,mnist_logreg,OrthogonalityTest,1,32,5,cuda,0.009086169302463531
76,mnist_logreg,OrthogonalityTest,1,32,6,cuda,0.008446305990219116
77,mnist_logreg,OrthogonalityTest,1,32,7,cuda,0.00842408835887909
78,mnist_logreg,OrthogonalityTest,1,32,8,cuda,0.00841483473777771
79,mnist_logreg,OrthogonalityTest,1,32,9,cuda,0.008394435048103333
80,mnist_logreg,TICDiag,1,32,0,cuda,0.008844874799251556
81,mnist_logreg,TICDiag,1,32,1,cuda,0.008858449757099152
82,mnist_logreg,TICDiag,1,32,2,cuda,0.008851483464241028
83,mnist_logreg,TICDiag,1,32,3,cuda,0.00954272598028183
84,mnist_logreg,TICDiag,1,32,4,cuda,0.00893043726682663
85,mnist_logreg,TICDiag,1,32,5,cuda,0.008841171860694885
86,mnist_logreg,TICDiag,1,32,6,cuda,0.00883939117193222
87,mnist_logreg,TICDiag,1,32,7,cuda,0.008837766945362091
88,mnist_logreg,TICDiag,1,32,8,cuda,0.008818365633487701
89,mnist_logreg,TICDiag,1,32,9,cuda,0.00881766527891159
90,mnist_logreg,Trace,1,32,0,cuda,0.008490130305290222
91,mnist_logreg,Trace,1,32,1,cuda,0.009195536375045776
92,mnist_logreg,Trace,1,32,2,cuda,0.008823879063129425
93,mnist_logreg,Trace,1,32,3,cuda,0.008579075336456299
94,mnist_logreg,Trace,1,32,4,cuda,0.008838936686515808
95,mnist_logreg,Trace,1,32,5,cuda,0.008579164743423462
96,mnist_logreg,Trace,1,32,6,cuda,0.008603759109973907
97,mnist_logreg,Trace,1,32,7,cuda,0.008833661675453186
98,mnist_logreg,Trace,1,32,8,cuda,0.009230181574821472
99,mnist_logreg,Trace,1,32,9,cuda,0.008579976856708527
100,mnist_logreg,MaxEV,1,32,0,cuda,0.012630768120288849
101,mnist_logreg,MaxEV,1,32,1,cuda,0.013217128813266754
102,mnist_logreg,MaxEV,1,32,2,cuda,0.01285707950592041
103,mnist_logreg,MaxEV,1,32,3,cuda,0.01247408241033554
104,mnist_logreg,MaxEV,1,32,4,cuda,0.012642979621887207
105,mnist_logreg,MaxEV,1,32,5,cuda,0.013097696006298065
106,mnist_logreg,MaxEV,1,32,6,cuda,0.01333184540271759
107,mnist_logreg,MaxEV,1,32,7,cuda,0.013677425682544708
108,mnist_logreg,MaxEV,1,32,8,cuda,0.012474790215492249
109,mnist_logreg,MaxEV,1,32,9,cuda,0.012744240462779999
110,mnist_logreg,BatchGradHistogram2d,1,32,0,cuda,0.08350768685340881
111,mnist_logreg,BatchGradHistogram2d,1,32,1,cuda,0.08346853405237198
112,mnist_logreg,BatchGradHistogram2d,1,32,2,cuda,0.08696295320987701
113,mnist_logreg,BatchGradHistogram2d,1,32,3,cuda,0.08184824138879776
114,mnist_logreg,BatchGradHistogram2d,1,32,4,cuda,0.08358418196439743
115,mnist_logreg,BatchGradHistogram2d,1,32,5,cuda,0.08354446291923523
116,mnist_logreg,BatchGradHistogram2d,1,32,6,cuda,0.08417510986328125
117,mnist_logreg,BatchGradHistogram2d,1,32,7,cuda,0.08437357097864151
118,mnist_logreg,BatchGradHistogram2d,1,32,8,cuda,0.08585114777088165
119,mnist_logreg,BatchGradHistogram2d,1,32,9,cuda,0.08934216946363449
120,mnist_logreg,baseline,1,32,0,cuda,0.00805661827325821
121,mnist_logreg,baseline,1,32,1,cuda,0.008048415184020996
122,mnist_logreg,baseline,1,32,2,cuda,0.00798892229795456
123,mnist_logreg,baseline,1,32,3,cuda,0.00842246413230896
124,mnist_logreg,baseline,1,32,4,cuda,0.008059188723564148
125,mnist_logreg,baseline,1,32,5,cuda,0.008116893470287323
126,mnist_logreg,baseline,1,32,6,cuda,0.007984712719917297
127,mnist_logreg,baseline,1,32,7,cuda,0.008005566895008087
128,mnist_logreg,baseline,1,32,8,cuda,0.008016712963581085
129,mnist_logreg,baseline,1,32,9,cuda,0.007997862994670868
130,mnist_logreg,economy,1,32,0,cuda,0.01315721869468689
131,mnist_logreg,economy,1,32,1,cuda,0.011940158903598785
132,mnist_logreg,economy,1,32,2,cuda,0.011563047766685486
133,mnist_logreg,economy,1,32,3,cuda,0.011648297309875488
134,mnist_logreg,economy,1,32,4,cuda,0.011229217052459717
135,mnist_logreg,economy,1,32,5,cuda,0.010836765170097351
136,mnist_logreg,economy,1,32,6,cuda,0.011802174150943756
137,mnist_logreg,economy,1,32,7,cuda,0.01219814270734787
138,mnist_logreg,economy,1,32,8,cuda,0.012290433049201965
139,mnist_logreg,economy,1,32,9,cuda,0.012361705303192139
140,mnist_logreg,business,1,32,0,cuda,0.013472959399223328
141,mnist_logreg,business,1,32,1,cuda,0.020694352686405182
142,mnist_logreg,business,1,32,2,cuda,0.013035379350185394
143,mnist_logreg,business,1,32,3,cuda,0.013047784566879272
144,mnist_logreg,business,1,32,4,cuda,0.013080857694149017
145,mnist_logreg,business,1,32,5,cuda,0.013035334646701813
146,mnist_logreg,business,1,32,6,cuda,0.013088516891002655
147,mnist_logreg,business,1,32,7,cuda,0.01302473247051239
148,mnist_logreg,business,1,32,8,cuda,0.01312176138162613
149,mnist_logreg,business,1,32,9,cuda,0.013424456119537354
150,mnist_logreg,full,1,32,0,cuda,0.0950678139925003
151,mnist_logreg,full,1,32,1,cuda,0.09471458196640015
152,mnist_logreg,full,1,32,2,cuda,0.09818345308303833
153,mnist_logreg,full,1,32,3,cuda,0.09412414580583572
154,mnist_logreg,full,1,32,4,cuda,0.09421754628419876
155,mnist_logreg,full,1,32,5,cuda,0.09323769062757492
156,mnist_logreg,full,1,32,6,cuda,0.10256944596767426
157,mnist_logreg,full,1,32,7,cuda,0.094242624938488
158,mnist_logreg,full,1,32,8,cuda,0.09512960910797119
159,mnist_logreg,full,1,32,9,cuda,0.10030476003885269
