# {'commit': {'author_time': '2020-11-05T12:50:50+01:00',
#             'branch': 'exp01-benchmark',
#             'dirty': True,
#             'id': '5725fd47e65da3d085feecd5654e945bb810c3e4',
#             'project': 'backboard',
#             'time': '2020-11-05T12:50:50+01:00'},
#  'gpu': {'CUDA Version': '11.0', 'Product Name': 'GeForce RTX 2080 Ti'},
#  'machine': {'cpu': {'brand': 'unknown',
#                      'hardware': 'unknown',
#                      'vendor_id': 'unknown'},
#              'machine': 'x86_64',
#              'processor': 'x86_64',
#              'python_build': ('default', 'Jan  8 2020 19:59:22'),
#              'python_compiler': 'GCC 7.3.0',
#              'python_implementation': 'CPython',
#              'python_implementation_version': '3.7.6',
#              'python_version': '3.7.6',
#              'release': '5.4.0-52-generic',
#              'system': 'Linux'}}
,testproblem,quantities,track_interval,steps,random_seed,device,time_per_step
0,mnist_mlp,AlphaOptimized,1,32,0,cuda,0.02248169481754303
1,mnist_mlp,AlphaOptimized,1,32,1,cuda,0.023154698312282562
2,mnist_mlp,AlphaOptimized,1,32,2,cuda,0.022691309452056885
3,mnist_mlp,AlphaOptimized,1,32,3,cuda,0.02278778702020645
4,mnist_mlp,AlphaOptimized,1,32,4,cuda,0.022734738886356354
5,mnist_mlp,AlphaOptimized,1,32,5,cuda,0.023240938782691956
6,mnist_mlp,AlphaOptimized,1,32,6,cuda,0.022670477628707886
7,mnist_mlp,AlphaOptimized,1,32,7,cuda,0.022741548717021942
8,mnist_mlp,AlphaOptimized,1,32,8,cuda,0.021705016493797302
9,mnist_mlp,AlphaOptimized,1,32,9,cuda,0.02127743512392044
10,mnist_mlp,BatchGradHistogram1d,1,32,0,cuda,0.02218155562877655
11,mnist_mlp,BatchGradHistogram1d,1,32,1,cuda,0.02241531014442444
12,mnist_mlp,BatchGradHistogram1d,1,32,2,cuda,0.021824710071086884
13,mnist_mlp,BatchGradHistogram1d,1,32,3,cuda,0.02203521877527237
14,mnist_mlp,BatchGradHistogram1d,1,32,4,cuda,0.021565042436122894
15,mnist_mlp,BatchGradHistogram1d,1,32,5,cuda,0.02205207198858261
16,mnist_mlp,BatchGradHistogram1d,1,32,6,cuda,0.021928295493125916
17,mnist_mlp,BatchGradHistogram1d,1,32,7,cuda,0.02225659042596817
18,mnist_mlp,BatchGradHistogram1d,1,32,8,cuda,0.022043392062187195
19,mnist_mlp,BatchGradHistogram1d,1,32,9,cuda,0.021983660757541656
20,mnist_mlp,Distance,1,32,0,cuda,0.009797707200050354
21,mnist_mlp,Distance,1,32,1,cuda,0.009526662528514862
22,mnist_mlp,Distance,1,32,2,cuda,0.00950535386800766
23,mnist_mlp,Distance,1,32,3,cuda,0.009994439780712128
24,mnist_mlp,Distance,1,32,4,cuda,0.009519554674625397
25,mnist_mlp,Distance,1,32,5,cuda,0.009548380970954895
26,mnist_mlp,Distance,1,32,6,cuda,0.009500540792942047
27,mnist_mlp,Distance,1,32,7,cuda,0.009510934352874756
28,mnist_mlp,Distance,1,32,8,cuda,0.009508773684501648
29,mnist_mlp,Distance,1,32,9,cuda,0.010019652545452118
30,mnist_mlp,GradNorm,1,32,0,cuda,0.008908785879611969
31,mnist_mlp,GradNorm,1,32,1,cuda,0.008953779935836792
32,mnist_mlp,GradNorm,1,32,2,cuda,0.008948594331741333
33,mnist_mlp,GradNorm,1,32,3,cuda,0.008934684097766876
34,mnist_mlp,GradNorm,1,32,4,cuda,0.008914582431316376
35,mnist_mlp,GradNorm,1,32,5,cuda,0.009428918361663818
36,mnist_mlp,GradNorm,1,32,6,cuda,0.008941508829593658
37,mnist_mlp,GradNorm,1,32,7,cuda,0.00893932580947876
38,mnist_mlp,GradNorm,1,32,8,cuda,0.008959107100963593
39,mnist_mlp,GradNorm,1,32,9,cuda,0.008923806250095367
40,mnist_mlp,InnerProductTest,1,32,0,cuda,0.016803555190563202
41,mnist_mlp,InnerProductTest,1,32,1,cuda,0.01688767969608307
42,mnist_mlp,InnerProductTest,1,32,2,cuda,0.01703115552663803
43,mnist_mlp,InnerProductTest,1,32,3,cuda,0.01662011444568634
44,mnist_mlp,InnerProductTest,1,32,4,cuda,0.017167754471302032
45,mnist_mlp,InnerProductTest,1,32,5,cuda,0.016582414507865906
46,mnist_mlp,InnerProductTest,1,32,6,cuda,0.0167703777551651
47,mnist_mlp,InnerProductTest,1,32,7,cuda,0.016856536269187927
48,mnist_mlp,InnerProductTest,1,32,8,cuda,0.017027340829372406
49,mnist_mlp,InnerProductTest,1,32,9,cuda,0.016803160309791565
50,mnist_mlp,Loss,1,32,0,cuda,0.008794575929641724
51,mnist_mlp,Loss,1,32,1,cuda,0.008739374577999115
52,mnist_mlp,Loss,1,32,2,cuda,0.008745335042476654
53,mnist_mlp,Loss,1,32,3,cuda,0.008717603981494904
54,mnist_mlp,Loss,1,32,4,cuda,0.008736580610275269
55,mnist_mlp,Loss,1,32,5,cuda,0.009421229362487793
56,mnist_mlp,Loss,1,32,6,cuda,0.00877217948436737
57,mnist_mlp,Loss,1,32,7,cuda,0.008778505027294159
58,mnist_mlp,Loss,1,32,8,cuda,0.008771918714046478
59,mnist_mlp,Loss,1,32,9,cuda,0.008730053901672363
60,mnist_mlp,NormTest,1,32,0,cuda,0.014658689498901367
61,mnist_mlp,NormTest,1,32,1,cuda,0.01461346447467804
62,mnist_mlp,NormTest,1,32,2,cuda,0.015211351215839386
63,mnist_mlp,NormTest,1,32,3,cuda,0.014677926898002625
64,mnist_mlp,NormTest,1,32,4,cuda,0.014644116163253784
65,mnist_mlp,NormTest,1,32,5,cuda,0.0147041454911232
66,mnist_mlp,NormTest,1,32,6,cuda,0.014753691852092743
67,mnist_mlp,NormTest,1,32,7,cuda,0.01457427442073822
68,mnist_mlp,NormTest,1,32,8,cuda,0.014608919620513916
69,mnist_mlp,NormTest,1,32,9,cuda,0.014598742127418518
70,mnist_mlp,OrthogonalityTest,1,32,0,cuda,0.017145760357379913
71,mnist_mlp,OrthogonalityTest,1,32,1,cuda,0.016627363860607147
72,mnist_mlp,OrthogonalityTest,1,32,2,cuda,0.016460925340652466
73,mnist_mlp,OrthogonalityTest,1,32,3,cuda,0.016948923468589783
74,mnist_mlp,OrthogonalityTest,1,32,4,cuda,0.016529299318790436
75,mnist_mlp,OrthogonalityTest,1,32,5,cuda,0.01703808456659317
76,mnist_mlp,OrthogonalityTest,1,32,6,cuda,0.01693204790353775
77,mnist_mlp,OrthogonalityTest,1,32,7,cuda,0.01638443022966385
78,mnist_mlp,OrthogonalityTest,1,32,8,cuda,0.01699972152709961
79,mnist_mlp,OrthogonalityTest,1,32,9,cuda,0.01655040681362152
80,mnist_mlp,TICDiag,1,32,0,cuda,0.016172364354133606
81,mnist_mlp,TICDiag,1,32,1,cuda,0.016131691634655
82,mnist_mlp,TICDiag,1,32,2,cuda,0.016153790056705475
83,mnist_mlp,TICDiag,1,32,3,cuda,0.016171909868717194
84,mnist_mlp,TICDiag,1,32,4,cuda,0.016057319939136505
85,mnist_mlp,TICDiag,1,32,5,cuda,0.016213275492191315
86,mnist_mlp,TICDiag,1,32,6,cuda,0.016188085079193115
87,mnist_mlp,TICDiag,1,32,7,cuda,0.016106165945529938
88,mnist_mlp,TICDiag,1,32,8,cuda,0.01616869866847992
89,mnist_mlp,TICDiag,1,32,9,cuda,0.016165561974048615
90,mnist_mlp,Trace,1,32,0,cuda,0.0110773965716362
91,mnist_mlp,Trace,1,32,1,cuda,0.011087954044342041
92,mnist_mlp,Trace,1,32,2,cuda,0.011089645326137543
93,mnist_mlp,Trace,1,32,3,cuda,0.011040836572647095
94,mnist_mlp,Trace,1,32,4,cuda,0.011050604283809662
95,mnist_mlp,Trace,1,32,5,cuda,0.011075422167778015
96,mnist_mlp,Trace,1,32,6,cuda,0.011088483035564423
97,mnist_mlp,Trace,1,32,7,cuda,0.011070549488067627
98,mnist_mlp,Trace,1,32,8,cuda,0.011096544563770294
99,mnist_mlp,Trace,1,32,9,cuda,0.011029049754142761
100,mnist_mlp,MaxEV,1,32,0,cuda,0.2110544741153717
101,mnist_mlp,MaxEV,1,32,1,cuda,0.22857341170310974
102,mnist_mlp,MaxEV,1,32,2,cuda,0.23297103494405746
103,mnist_mlp,MaxEV,1,32,3,cuda,0.2130006179213524
104,mnist_mlp,MaxEV,1,32,4,cuda,0.2455960363149643
105,mnist_mlp,MaxEV,1,32,5,cuda,0.17850960791110992
106,mnist_mlp,MaxEV,1,32,6,cuda,0.23598570376634598
107,mnist_mlp,MaxEV,1,32,7,cuda,0.2730506807565689
108,mnist_mlp,MaxEV,1,32,8,cuda,0.2223321571946144
109,mnist_mlp,MaxEV,1,32,9,cuda,0.22418073564767838
110,mnist_mlp,BatchGradHistogram2d,1,32,0,cuda,1.2927999719977379
111,mnist_mlp,BatchGradHistogram2d,1,32,1,cuda,1.2911556735634804
112,mnist_mlp,BatchGradHistogram2d,1,32,2,cuda,1.3014458641409874
113,mnist_mlp,BatchGradHistogram2d,1,32,3,cuda,1.2902569472789764
114,mnist_mlp,BatchGradHistogram2d,1,32,4,cuda,1.2916599437594414
115,mnist_mlp,BatchGradHistogram2d,1,32,5,cuda,1.2930855453014374
116,mnist_mlp,BatchGradHistogram2d,1,32,6,cuda,1.2930871024727821
117,mnist_mlp,BatchGradHistogram2d,1,32,7,cuda,1.292713701725006
118,mnist_mlp,BatchGradHistogram2d,1,32,8,cuda,1.2941741347312927
119,mnist_mlp,BatchGradHistogram2d,1,32,9,cuda,1.2926015257835388
120,mnist_mlp,baseline,1,32,0,cuda,0.009648032486438751
121,mnist_mlp,baseline,1,32,1,cuda,0.008853398263454437
122,mnist_mlp,baseline,1,32,2,cuda,0.008997663855552673
123,mnist_mlp,baseline,1,32,3,cuda,0.009365551173686981
124,mnist_mlp,baseline,1,32,4,cuda,0.009006790816783905
125,mnist_mlp,baseline,1,32,5,cuda,0.008735299110412598
126,mnist_mlp,baseline,1,32,6,cuda,0.00888129323720932
127,mnist_mlp,baseline,1,32,7,cuda,0.008724257349967957
128,mnist_mlp,baseline,1,32,8,cuda,0.008871518075466156
129,mnist_mlp,baseline,1,32,9,cuda,0.009002886712551117
130,mnist_mlp,economy,1,32,0,cuda,0.04646066576242447
131,mnist_mlp,economy,1,32,1,cuda,0.046795062720775604
132,mnist_mlp,economy,1,32,2,cuda,0.04396914690732956
133,mnist_mlp,economy,1,32,3,cuda,0.04632646590471268
134,mnist_mlp,economy,1,32,4,cuda,0.04580140858888626
135,mnist_mlp,economy,1,32,5,cuda,0.04589623957872391
136,mnist_mlp,economy,1,32,6,cuda,0.04486892372369766
137,mnist_mlp,economy,1,32,7,cuda,0.044726014137268066
138,mnist_mlp,economy,1,32,8,cuda,0.04439060389995575
139,mnist_mlp,economy,1,32,9,cuda,0.045441076159477234
140,mnist_mlp,business,1,32,0,cuda,0.053489573299884796
141,mnist_mlp,business,1,32,1,cuda,0.05400976538658142
142,mnist_mlp,business,1,32,2,cuda,0.053573548793792725
143,mnist_mlp,business,1,32,3,cuda,0.05076320469379425
144,mnist_mlp,business,1,32,4,cuda,0.05054721236228943
145,mnist_mlp,business,1,32,5,cuda,0.05331855267286301
146,mnist_mlp,business,1,32,6,cuda,0.05229756236076355
147,mnist_mlp,business,1,32,7,cuda,0.05407372862100601
148,mnist_mlp,business,1,32,8,cuda,0.05393221974372864
149,mnist_mlp,business,1,32,9,cuda,0.05111832171678543
150,mnist_mlp,full,1,32,0,cuda,1.56434877961874
151,mnist_mlp,full,1,32,1,cuda,1.5725607722997665
152,mnist_mlp,full,1,32,2,cuda,1.586251124739647
153,mnist_mlp,full,1,32,3,cuda,1.5565943717956543
154,mnist_mlp,full,1,32,4,cuda,1.5895080119371414
155,mnist_mlp,full,1,32,5,cuda,1.52357167750597
156,mnist_mlp,full,1,32,6,cuda,1.5796941369771957
157,mnist_mlp,full,1,32,7,cuda,1.613377034664154
158,mnist_mlp,full,1,32,8,cuda,1.5689298659563065
159,mnist_mlp,full,1,32,9,cuda,1.5673678517341614
