# {'commit': {'author_time': '2020-11-05T12:50:50+01:00',
#             'branch': 'exp01-benchmark',
#             'dirty': True,
#             'id': '5725fd47e65da3d085feecd5654e945bb810c3e4',
#             'project': 'backboard',
#             'time': '2020-11-05T12:50:50+01:00'},
#  'gpu': {'CUDA Version': '11.0', 'Product Name': 'GeForce RTX 2080 Ti'},
#  'machine': {'cpu': {'brand': 'unknown',
#                      'hardware': 'unknown',
#                      'vendor_id': 'unknown'},
#              'machine': 'x86_64',
#              'processor': 'x86_64',
#              'python_build': ('default', 'Jan  8 2020 19:59:22'),
#              'python_compiler': 'GCC 7.3.0',
#              'python_implementation': 'CPython',
#              'python_implementation_version': '3.7.6',
#              'python_version': '3.7.6',
#              'release': '5.4.0-52-generic',
#              'system': 'Linux'}}
,testproblem,quantities,track_interval,steps,random_seed,device,time_per_step
0,mnist_logreg,AlphaOptimized,1,32,0,cpu,0.010902665555477142
1,mnist_logreg,AlphaOptimized,1,32,1,cpu,0.009677305817604065
2,mnist_logreg,AlphaOptimized,1,32,2,cpu,0.009708337485790253
3,mnist_logreg,AlphaOptimized,1,32,3,cpu,0.010025933384895325
4,mnist_logreg,AlphaOptimized,1,32,4,cpu,0.00958772748708725
5,mnist_logreg,AlphaOptimized,1,32,5,cpu,0.009562522172927856
6,mnist_logreg,AlphaOptimized,1,32,6,cpu,0.010474145412445068
7,mnist_logreg,AlphaOptimized,1,32,7,cpu,0.011656075716018677
8,mnist_logreg,AlphaOptimized,1,32,8,cpu,0.010807447135448456
9,mnist_logreg,AlphaOptimized,1,32,9,cpu,0.010853424668312073
10,mnist_logreg,BatchGradHistogram1d,1,32,0,cpu,0.010726362466812134
11,mnist_logreg,BatchGradHistogram1d,1,32,1,cpu,0.01123906672000885
12,mnist_logreg,BatchGradHistogram1d,1,32,2,cpu,0.010645836591720581
13,mnist_logreg,BatchGradHistogram1d,1,32,3,cpu,0.010551586747169495
14,mnist_logreg,BatchGradHistogram1d,1,32,4,cpu,0.010527625679969788
15,mnist_logreg,BatchGradHistogram1d,1,32,5,cpu,0.010534122586250305
16,mnist_logreg,BatchGradHistogram1d,1,32,6,cpu,0.010627545416355133
17,mnist_logreg,BatchGradHistogram1d,1,32,7,cpu,0.01113920658826828
18,mnist_logreg,BatchGradHistogram1d,1,32,8,cpu,0.010577522218227386
19,mnist_logreg,BatchGradHistogram1d,1,32,9,cpu,0.010615289211273193
20,mnist_logreg,Distance,1,32,0,cpu,0.008031599223613739
21,mnist_logreg,Distance,1,32,1,cpu,0.008008144795894623
22,mnist_logreg,Distance,1,32,2,cpu,0.008035726845264435
23,mnist_logreg,Distance,1,32,3,cpu,0.008019350469112396
24,mnist_logreg,Distance,1,32,4,cpu,0.008643999695777893
25,mnist_logreg,Distance,1,32,5,cpu,0.008105643093585968
26,mnist_logreg,Distance,1,32,6,cpu,0.008025117218494415
27,mnist_logreg,Distance,1,32,7,cpu,0.00803270936012268
28,mnist_logreg,Distance,1,32,8,cpu,0.008306160569190979
29,mnist_logreg,Distance,1,32,9,cpu,0.008008845150470734
30,mnist_logreg,GradNorm,1,32,0,cpu,0.007916353642940521
31,mnist_logreg,GradNorm,1,32,1,cpu,0.008622758090496063
32,mnist_logreg,GradNorm,1,32,2,cpu,0.008003689348697662
33,mnist_logreg,GradNorm,1,32,3,cpu,0.007916145026683807
34,mnist_logreg,GradNorm,1,32,4,cpu,0.007955558598041534
35,mnist_logreg,GradNorm,1,32,5,cpu,0.007918350398540497
36,mnist_logreg,GradNorm,1,32,6,cpu,0.008104294538497925
37,mnist_logreg,GradNorm,1,32,7,cpu,0.007948227226734161
38,mnist_logreg,GradNorm,1,32,8,cpu,0.008568838238716125
39,mnist_logreg,GradNorm,1,32,9,cpu,0.007966190576553345
40,mnist_logreg,InnerProductTest,1,32,0,cpu,0.008918389678001404
41,mnist_logreg,InnerProductTest,1,32,1,cpu,0.008847832679748535
42,mnist_logreg,InnerProductTest,1,32,2,cpu,0.008859694004058838
43,mnist_logreg,InnerProductTest,1,32,3,cpu,0.009542606770992279
44,mnist_logreg,InnerProductTest,1,32,4,cpu,0.008931942284107208
45,mnist_logreg,InnerProductTest,1,32,5,cpu,0.008849464356899261
46,mnist_logreg,InnerProductTest,1,32,6,cpu,0.009606540203094482
47,mnist_logreg,InnerProductTest,1,32,7,cpu,0.00924268364906311
48,mnist_logreg,InnerProductTest,1,32,8,cpu,0.008841603994369507
49,mnist_logreg,InnerProductTest,1,32,9,cpu,0.008864916861057281
50,mnist_logreg,Loss,1,32,0,cpu,0.007881894707679749
51,mnist_logreg,Loss,1,32,1,cpu,0.007830768823623657
52,mnist_logreg,Loss,1,32,2,cpu,0.007939659059047699
53,mnist_logreg,Loss,1,32,3,cpu,0.007907107472419739
54,mnist_logreg,Loss,1,32,4,cpu,0.008686132729053497
55,mnist_logreg,Loss,1,32,5,cpu,0.00967639684677124
56,mnist_logreg,Loss,1,32,6,cpu,0.007720686495304108
57,mnist_logreg,Loss,1,32,7,cpu,0.007778279483318329
58,mnist_logreg,Loss,1,32,8,cpu,0.007840484380722046
59,mnist_logreg,Loss,1,32,9,cpu,0.00793546438217163
60,mnist_logreg,NormTest,1,32,0,cpu,0.009083203971385956
61,mnist_logreg,NormTest,1,32,1,cpu,0.00866156816482544
62,mnist_logreg,NormTest,1,32,2,cpu,0.008608274161815643
63,mnist_logreg,NormTest,1,32,3,cpu,0.008608199656009674
64,mnist_logreg,NormTest,1,32,4,cpu,0.008663050830364227
65,mnist_logreg,NormTest,1,32,5,cpu,0.008579209446907043
66,mnist_logreg,NormTest,1,32,6,cpu,0.008543089032173157
67,mnist_logreg,NormTest,1,32,7,cpu,0.009331412613391876
68,mnist_logreg,NormTest,1,32,8,cpu,0.008528277277946472
69,mnist_logreg,NormTest,1,32,9,cpu,0.008813023567199707
70,mnist_logreg,OrthogonalityTest,1,32,0,cpu,0.008929833769798279
71,mnist_logreg,OrthogonalityTest,1,32,1,cpu,0.008903540670871735
72,mnist_logreg,OrthogonalityTest,1,32,2,cpu,0.00874173641204834
73,mnist_logreg,OrthogonalityTest,1,32,3,cpu,0.010323382914066315
74,mnist_logreg,OrthogonalityTest,1,32,4,cpu,0.009075142443180084
75,mnist_logreg,OrthogonalityTest,1,32,5,cpu,0.009551450610160828
76,mnist_logreg,OrthogonalityTest,1,32,6,cpu,0.008735105395317078
77,mnist_logreg,OrthogonalityTest,1,32,7,cpu,0.008890390396118164
78,mnist_logreg,OrthogonalityTest,1,32,8,cpu,0.008719414472579956
79,mnist_logreg,OrthogonalityTest,1,32,9,cpu,0.00887560099363327
80,mnist_logreg,TICDiag,1,32,0,cpu,0.009554587304592133
81,mnist_logreg,TICDiag,1,32,1,cpu,0.009565353393554688
82,mnist_logreg,TICDiag,1,32,2,cpu,0.00961478054523468
83,mnist_logreg,TICDiag,1,32,3,cpu,0.01028364896774292
84,mnist_logreg,TICDiag,1,32,4,cpu,0.009609363973140717
85,mnist_logreg,TICDiag,1,32,5,cpu,0.00980301946401596
86,mnist_logreg,TICDiag,1,32,6,cpu,0.009754978120326996
87,mnist_logreg,TICDiag,1,32,7,cpu,0.00968264788389206
88,mnist_logreg,TICDiag,1,32,8,cpu,0.009480789303779602
89,mnist_logreg,TICDiag,1,32,9,cpu,0.00951085239648819
90,mnist_logreg,Trace,1,32,0,cpu,0.008451797068119049
91,mnist_logreg,Trace,1,32,1,cpu,0.00912533700466156
92,mnist_logreg,Trace,1,32,2,cpu,0.008442588150501251
93,mnist_logreg,Trace,1,32,3,cpu,0.008522465825080872
94,mnist_logreg,Trace,1,32,4,cpu,0.008475936949253082
95,mnist_logreg,Trace,1,32,5,cpu,0.008533455431461334
96,mnist_logreg,Trace,1,32,6,cpu,0.008448876440525055
97,mnist_logreg,Trace,1,32,7,cpu,0.008570119738578796
98,mnist_logreg,Trace,1,32,8,cpu,0.009056955575942993
99,mnist_logreg,Trace,1,32,9,cpu,0.008388273417949677
100,mnist_logreg,MaxEV,1,32,0,cpu,0.010556943714618683
101,mnist_logreg,MaxEV,1,32,1,cpu,0.010193362832069397
102,mnist_logreg,MaxEV,1,32,2,cpu,0.0102219358086586
103,mnist_logreg,MaxEV,1,32,3,cpu,0.010228000581264496
104,mnist_logreg,MaxEV,1,32,4,cpu,0.01030828058719635
105,mnist_logreg,MaxEV,1,32,5,cpu,0.010562136769294739
106,mnist_logreg,MaxEV,1,32,6,cpu,0.01048009842634201
107,mnist_logreg,MaxEV,1,32,7,cpu,0.010467886924743652
108,mnist_logreg,MaxEV,1,32,8,cpu,0.010436587035655975
109,mnist_logreg,MaxEV,1,32,9,cpu,0.01041121780872345
110,mnist_logreg,BatchGradHistogram2d,1,32,0,cpu,0.03620811551809311
111,mnist_logreg,BatchGradHistogram2d,1,32,1,cpu,0.036159224808216095
112,mnist_logreg,BatchGradHistogram2d,1,32,2,cpu,0.03608456254005432
113,mnist_logreg,BatchGradHistogram2d,1,32,3,cpu,0.036126136779785156
114,mnist_logreg,BatchGradHistogram2d,1,32,4,cpu,0.03612280637025833
115,mnist_logreg,BatchGradHistogram2d,1,32,5,cpu,0.03621944040060043
116,mnist_logreg,BatchGradHistogram2d,1,32,6,cpu,0.036095067858695984
117,mnist_logreg,BatchGradHistogram2d,1,32,7,cpu,0.03648217022418976
118,mnist_logreg,BatchGradHistogram2d,1,32,8,cpu,0.03587952256202698
119,mnist_logreg,BatchGradHistogram2d,1,32,9,cpu,0.03672977536916733
120,mnist_logreg,baseline,1,32,0,cpu,0.008085079491138458
121,mnist_logreg,baseline,1,32,1,cpu,0.007896773517131805
122,mnist_logreg,baseline,1,32,2,cpu,0.007882647216320038
123,mnist_logreg,baseline,1,32,3,cpu,0.008338138461112976
124,mnist_logreg,baseline,1,32,4,cpu,0.007903970777988434
125,mnist_logreg,baseline,1,32,5,cpu,0.007934264838695526
126,mnist_logreg,baseline,1,32,6,cpu,0.007900327444076538
127,mnist_logreg,baseline,1,32,7,cpu,0.0077882856130599976
128,mnist_logreg,baseline,1,32,8,cpu,0.007911518216133118
129,mnist_logreg,baseline,1,32,9,cpu,0.007803194224834442
130,mnist_logreg,economy,1,32,0,cpu,0.013516664505004883
131,mnist_logreg,economy,1,32,1,cpu,0.013505294919013977
132,mnist_logreg,economy,1,32,2,cpu,0.013331599533557892
133,mnist_logreg,economy,1,32,3,cpu,0.015176147222518921
134,mnist_logreg,economy,1,32,4,cpu,0.013515032827854156
135,mnist_logreg,economy,1,32,5,cpu,0.013340845704078674
136,mnist_logreg,economy,1,32,6,cpu,0.013765029609203339
137,mnist_logreg,economy,1,32,7,cpu,0.013433344662189484
138,mnist_logreg,economy,1,32,8,cpu,0.01604534685611725
139,mnist_logreg,economy,1,32,9,cpu,0.015372060239315033
140,mnist_logreg,business,1,32,0,cpu,0.016634538769721985
141,mnist_logreg,business,1,32,1,cpu,0.01657678186893463
142,mnist_logreg,business,1,32,2,cpu,0.016565807163715363
143,mnist_logreg,business,1,32,3,cpu,0.016595155000686646
144,mnist_logreg,business,1,32,4,cpu,0.01672784984111786
145,mnist_logreg,business,1,32,5,cpu,0.014626137912273407
146,mnist_logreg,business,1,32,6,cpu,0.014598697423934937
147,mnist_logreg,business,1,32,7,cpu,0.01480294018983841
148,mnist_logreg,business,1,32,8,cpu,0.01615137606859207
149,mnist_logreg,business,1,32,9,cpu,0.015946127474308014
150,mnist_logreg,full,1,32,0,cpu,0.05319356918334961
151,mnist_logreg,full,1,32,1,cpu,0.05127575993537903
152,mnist_logreg,full,1,32,2,cpu,0.0523800402879715
153,mnist_logreg,full,1,32,3,cpu,0.04661823809146881
154,mnist_logreg,full,1,32,4,cpu,0.045896463096141815
155,mnist_logreg,full,1,32,5,cpu,0.04975224286317825
156,mnist_logreg,full,1,32,6,cpu,0.05550789833068848
157,mnist_logreg,full,1,32,7,cpu,0.053373366594314575
158,mnist_logreg,full,1,32,8,cpu,0.052418895065784454
159,mnist_logreg,full,1,32,9,cpu,0.05088131129741669
