# {'commit': {'author_time': '2020-11-05T12:50:50+01:00',
#             'branch': 'exp01-benchmark',
#             'dirty': True,
#             'id': '5725fd47e65da3d085feecd5654e945bb810c3e4',
#             'project': 'backboard',
#             'time': '2020-11-05T12:50:50+01:00'},
#  'gpu': {'CUDA Version': '11.0', 'Product Name': 'GeForce RTX 2080 Ti'},
#  'machine': {'cpu': {'brand': 'unknown',
#                      'hardware': 'unknown',
#                      'vendor_id': 'unknown'},
#              'machine': 'x86_64',
#              'processor': 'x86_64',
#              'python_build': ('default', 'Jan  8 2020 19:59:22'),
#              'python_compiler': 'GCC 7.3.0',
#              'python_implementation': 'CPython',
#              'python_implementation_version': '3.7.6',
#              'python_version': '3.7.6',
#              'release': '5.4.0-52-generic',
#              'system': 'Linux'}}
,testproblem,quantities,track_interval,steps,random_seed,device,time_per_step
0,mnist_mlp,AlphaOptimized,1,32,0,cpu,0.2984035089612007
1,mnist_mlp,AlphaOptimized,1,32,1,cpu,0.29235368967056274
2,mnist_mlp,AlphaOptimized,1,32,2,cpu,0.2940673977136612
3,mnist_mlp,AlphaOptimized,1,32,3,cpu,0.30063311755657196
4,mnist_mlp,AlphaOptimized,1,32,4,cpu,0.3003517910838127
5,mnist_mlp,AlphaOptimized,1,32,5,cpu,0.29740452766418457
6,mnist_mlp,AlphaOptimized,1,32,6,cpu,0.2925344705581665
7,mnist_mlp,AlphaOptimized,1,32,7,cpu,0.29259128868579865
8,mnist_mlp,AlphaOptimized,1,32,8,cpu,0.2945353239774704
9,mnist_mlp,AlphaOptimized,1,32,9,cpu,0.29709431529045105
10,mnist_mlp,BatchGradHistogram1d,1,32,0,cpu,0.47758370637893677
11,mnist_mlp,BatchGradHistogram1d,1,32,1,cpu,0.4789508432149887
12,mnist_mlp,BatchGradHistogram1d,1,32,2,cpu,0.4973110780119896
13,mnist_mlp,BatchGradHistogram1d,1,32,3,cpu,0.5201516896486282
14,mnist_mlp,BatchGradHistogram1d,1,32,4,cpu,0.49975093454122543
15,mnist_mlp,BatchGradHistogram1d,1,32,5,cpu,0.476750023663044
16,mnist_mlp,BatchGradHistogram1d,1,32,6,cpu,0.4754880592226982
17,mnist_mlp,BatchGradHistogram1d,1,32,7,cpu,0.47549425065517426
18,mnist_mlp,BatchGradHistogram1d,1,32,8,cpu,0.4749663844704628
19,mnist_mlp,BatchGradHistogram1d,1,32,9,cpu,0.4753786101937294
20,mnist_mlp,Distance,1,32,0,cpu,0.01372365653514862
21,mnist_mlp,Distance,1,32,1,cpu,0.013457916676998138
22,mnist_mlp,Distance,1,32,2,cpu,0.013331107795238495
23,mnist_mlp,Distance,1,32,3,cpu,0.014213964343070984
24,mnist_mlp,Distance,1,32,4,cpu,0.013645023107528687
25,mnist_mlp,Distance,1,32,5,cpu,0.01366935670375824
26,mnist_mlp,Distance,1,32,6,cpu,0.013591572642326355
27,mnist_mlp,Distance,1,32,7,cpu,0.013554707169532776
28,mnist_mlp,Distance,1,32,8,cpu,0.013627134263515472
29,mnist_mlp,Distance,1,32,9,cpu,0.014074943959712982
30,mnist_mlp,GradNorm,1,32,0,cpu,0.011706605553627014
31,mnist_mlp,GradNorm,1,32,1,cpu,0.011846683919429779
32,mnist_mlp,GradNorm,1,32,2,cpu,0.011713720858097076
33,mnist_mlp,GradNorm,1,32,3,cpu,0.01168864220380783
34,mnist_mlp,GradNorm,1,32,4,cpu,0.01157677173614502
35,mnist_mlp,GradNorm,1,32,5,cpu,0.012120731174945831
36,mnist_mlp,GradNorm,1,32,6,cpu,0.012002028524875641
37,mnist_mlp,GradNorm,1,32,7,cpu,0.01231362670660019
38,mnist_mlp,GradNorm,1,32,8,cpu,0.011944599449634552
39,mnist_mlp,GradNorm,1,32,9,cpu,0.011678799986839294
40,mnist_mlp,InnerProductTest,1,32,0,cpu,0.13839995861053467
41,mnist_mlp,InnerProductTest,1,32,1,cpu,0.13379011303186417
42,mnist_mlp,InnerProductTest,1,32,2,cpu,0.1351432353258133
43,mnist_mlp,InnerProductTest,1,32,3,cpu,0.13477733731269836
44,mnist_mlp,InnerProductTest,1,32,4,cpu,0.13466405123472214
45,mnist_mlp,InnerProductTest,1,32,5,cpu,0.13458219915628433
46,mnist_mlp,InnerProductTest,1,32,6,cpu,0.1343410685658455
47,mnist_mlp,InnerProductTest,1,32,7,cpu,0.134153813123703
48,mnist_mlp,InnerProductTest,1,32,8,cpu,0.1347304806113243
49,mnist_mlp,InnerProductTest,1,32,9,cpu,0.13447961956262589
50,mnist_mlp,Loss,1,32,0,cpu,0.011530175805091858
51,mnist_mlp,Loss,1,32,1,cpu,0.011440455913543701
52,mnist_mlp,Loss,1,32,2,cpu,0.011399298906326294
53,mnist_mlp,Loss,1,32,3,cpu,0.011401399970054626
54,mnist_mlp,Loss,1,32,4,cpu,0.011418819427490234
55,mnist_mlp,Loss,1,32,5,cpu,0.012056000530719757
56,mnist_mlp,Loss,1,32,6,cpu,0.01154240220785141
57,mnist_mlp,Loss,1,32,7,cpu,0.01172233372926712
58,mnist_mlp,Loss,1,32,8,cpu,0.011467687785625458
59,mnist_mlp,Loss,1,32,9,cpu,0.011470362544059753
60,mnist_mlp,NormTest,1,32,0,cpu,0.1491726115345955
61,mnist_mlp,NormTest,1,32,1,cpu,0.1494562327861786
62,mnist_mlp,NormTest,1,32,2,cpu,0.15007681399583817
63,mnist_mlp,NormTest,1,32,3,cpu,0.14973317086696625
64,mnist_mlp,NormTest,1,32,4,cpu,0.14980503171682358
65,mnist_mlp,NormTest,1,32,5,cpu,0.14887433499097824
66,mnist_mlp,NormTest,1,32,6,cpu,0.14871659874916077
67,mnist_mlp,NormTest,1,32,7,cpu,0.14928559213876724
68,mnist_mlp,NormTest,1,32,8,cpu,0.14857583492994308
69,mnist_mlp,NormTest,1,32,9,cpu,0.15343251824378967
70,mnist_mlp,OrthogonalityTest,1,32,0,cpu,0.1347336769104004
71,mnist_mlp,OrthogonalityTest,1,32,1,cpu,0.13439176231622696
72,mnist_mlp,OrthogonalityTest,1,32,2,cpu,0.1342242881655693
73,mnist_mlp,OrthogonalityTest,1,32,3,cpu,0.13390850275754929
74,mnist_mlp,OrthogonalityTest,1,32,4,cpu,0.13385498523712158
75,mnist_mlp,OrthogonalityTest,1,32,5,cpu,0.13487964123487473
76,mnist_mlp,OrthogonalityTest,1,32,6,cpu,0.1345868781208992
77,mnist_mlp,OrthogonalityTest,1,32,7,cpu,0.13437361270189285
78,mnist_mlp,OrthogonalityTest,1,32,8,cpu,0.13472657650709152
79,mnist_mlp,OrthogonalityTest,1,32,9,cpu,0.13382071256637573
80,mnist_mlp,TICDiag,1,32,0,cpu,0.16957025974988937
81,mnist_mlp,TICDiag,1,32,1,cpu,0.16944608092308044
82,mnist_mlp,TICDiag,1,32,2,cpu,0.17169872671365738
83,mnist_mlp,TICDiag,1,32,3,cpu,0.16960494965314865
84,mnist_mlp,TICDiag,1,32,4,cpu,0.17046057432889938
85,mnist_mlp,TICDiag,1,32,5,cpu,0.16943826526403427
86,mnist_mlp,TICDiag,1,32,6,cpu,0.16976146399974823
87,mnist_mlp,TICDiag,1,32,7,cpu,0.16887068003416061
88,mnist_mlp,TICDiag,1,32,8,cpu,0.17049608379602432
89,mnist_mlp,TICDiag,1,32,9,cpu,0.17035723477602005
90,mnist_mlp,Trace,1,32,0,cpu,0.02375362068414688
91,mnist_mlp,Trace,1,32,1,cpu,0.02340545505285263
92,mnist_mlp,Trace,1,32,2,cpu,0.023297488689422607
93,mnist_mlp,Trace,1,32,3,cpu,0.02332475036382675
94,mnist_mlp,Trace,1,32,4,cpu,0.02312672883272171
95,mnist_mlp,Trace,1,32,5,cpu,0.02339322119951248
96,mnist_mlp,Trace,1,32,6,cpu,0.023116305470466614
97,mnist_mlp,Trace,1,32,7,cpu,0.023911505937576294
98,mnist_mlp,Trace,1,32,8,cpu,0.0236346498131752
99,mnist_mlp,Trace,1,32,9,cpu,0.023728206753730774
100,mnist_mlp,MaxEV,1,32,0,cpu,0.7515276223421097
101,mnist_mlp,MaxEV,1,32,1,cpu,0.6943962648510933
102,mnist_mlp,MaxEV,1,32,2,cpu,0.7747214213013649
103,mnist_mlp,MaxEV,1,32,3,cpu,0.7291121482849121
104,mnist_mlp,MaxEV,1,32,4,cpu,0.8041686862707138
105,mnist_mlp,MaxEV,1,32,5,cpu,0.6375723108649254
106,mnist_mlp,MaxEV,1,32,6,cpu,0.7967741191387177
107,mnist_mlp,MaxEV,1,32,7,cpu,0.8964328467845917
108,mnist_mlp,MaxEV,1,32,8,cpu,0.7304555773735046
109,mnist_mlp,MaxEV,1,32,9,cpu,0.7643058374524117
110,mnist_mlp,BatchGradHistogram2d,1,32,0,cpu,1.707474246621132
111,mnist_mlp,BatchGradHistogram2d,1,32,1,cpu,1.7212316691875458
112,mnist_mlp,BatchGradHistogram2d,1,32,2,cpu,1.7075471878051758
113,mnist_mlp,BatchGradHistogram2d,1,32,3,cpu,1.684063270688057
114,mnist_mlp,BatchGradHistogram2d,1,32,4,cpu,1.682158388197422
115,mnist_mlp,BatchGradHistogram2d,1,32,5,cpu,1.6916549876332283
116,mnist_mlp,BatchGradHistogram2d,1,32,6,cpu,1.6802243813872337
117,mnist_mlp,BatchGradHistogram2d,1,32,7,cpu,1.7005785927176476
118,mnist_mlp,BatchGradHistogram2d,1,32,8,cpu,1.6783836334943771
119,mnist_mlp,BatchGradHistogram2d,1,32,9,cpu,1.6833041235804558
120,mnist_mlp,baseline,1,32,0,cpu,0.011567153036594391
121,mnist_mlp,baseline,1,32,1,cpu,0.011522285640239716
122,mnist_mlp,baseline,1,32,2,cpu,0.011527173221111298
123,mnist_mlp,baseline,1,32,3,cpu,0.011832937598228455
124,mnist_mlp,baseline,1,32,4,cpu,0.011501267552375793
125,mnist_mlp,baseline,1,32,5,cpu,0.011669635772705078
126,mnist_mlp,baseline,1,32,6,cpu,0.011483937501907349
127,mnist_mlp,baseline,1,32,7,cpu,0.011483237147331238
128,mnist_mlp,baseline,1,32,8,cpu,0.0116647407412529
129,mnist_mlp,baseline,1,32,9,cpu,0.01145898550748825
130,mnist_mlp,economy,1,32,0,cpu,0.8620244488120079
131,mnist_mlp,economy,1,32,1,cpu,0.86671082675457
132,mnist_mlp,economy,1,32,2,cpu,0.8770108968019485
133,mnist_mlp,economy,1,32,3,cpu,0.8764714598655701
134,mnist_mlp,economy,1,32,4,cpu,0.8618436679244041
135,mnist_mlp,economy,1,32,5,cpu,0.8758367449045181
136,mnist_mlp,economy,1,32,6,cpu,0.8785992115736008
137,mnist_mlp,economy,1,32,7,cpu,0.8740394786000252
138,mnist_mlp,economy,1,32,8,cpu,0.87873824685812
139,mnist_mlp,economy,1,32,9,cpu,0.8584821224212646
140,mnist_mlp,business,1,32,0,cpu,0.966679185628891
141,mnist_mlp,business,1,32,1,cpu,0.964753657579422
142,mnist_mlp,business,1,32,2,cpu,0.9649257957935333
143,mnist_mlp,business,1,32,3,cpu,0.9639323651790619
144,mnist_mlp,business,1,32,4,cpu,0.9732033982872963
145,mnist_mlp,business,1,32,5,cpu,0.9623603150248528
146,mnist_mlp,business,1,32,6,cpu,0.9631506726145744
147,mnist_mlp,business,1,32,7,cpu,0.9651965647935867
148,mnist_mlp,business,1,32,8,cpu,0.9649771973490715
149,mnist_mlp,business,1,32,9,cpu,0.9765609204769135
150,mnist_mlp,full,1,32,0,cpu,3.3557512685656548
151,mnist_mlp,full,1,32,1,cpu,3.2919091656804085
152,mnist_mlp,full,1,32,2,cpu,3.3649521470069885
153,mnist_mlp,full,1,32,3,cpu,3.3199103996157646
154,mnist_mlp,full,1,32,4,cpu,3.406203120946884
155,mnist_mlp,full,1,32,5,cpu,3.232799269258976
156,mnist_mlp,full,1,32,6,cpu,3.3802518770098686
157,mnist_mlp,full,1,32,7,cpu,3.4869673922657967
158,mnist_mlp,full,1,32,8,cpu,3.3252323418855667
159,mnist_mlp,full,1,32,9,cpu,3.3695331141352654
