# {'commit': {'author_time': '2020-11-05T12:50:50+01:00',
#             'branch': 'exp01-benchmark',
#             'dirty': True,
#             'id': '5725fd47e65da3d085feecd5654e945bb810c3e4',
#             'project': 'backboard',
#             'time': '2020-11-05T12:50:50+01:00'},
#  'gpu': {'CUDA Version': '11.0', 'Product Name': 'GeForce RTX 2080 Ti'},
#  'machine': {'cpu': {'brand': 'unknown',
#                      'hardware': 'unknown',
#                      'vendor_id': 'unknown'},
#              'machine': 'x86_64',
#              'processor': 'x86_64',
#              'python_build': ('default', 'Jan  8 2020 19:59:22'),
#              'python_compiler': 'GCC 7.3.0',
#              'python_implementation': 'CPython',
#              'python_implementation_version': '3.7.6',
#              'python_version': '3.7.6',
#              'release': '5.4.0-52-generic',
#              'system': 'Linux'}}
,testproblem,quantities,track_interval,steps,random_seed,device,time_per_step
0,quadratic_deep,AlphaOptimized,1,32,0,cpu,0.0018188953399658203
1,quadratic_deep,AlphaOptimized,1,32,1,cpu,0.001836523413658142
2,quadratic_deep,AlphaOptimized,1,32,2,cpu,0.0019708946347236633
3,quadratic_deep,AlphaOptimized,1,32,3,cpu,0.002796865999698639
4,quadratic_deep,AlphaOptimized,1,32,4,cpu,0.002100341022014618
5,quadratic_deep,AlphaOptimized,1,32,5,cpu,0.0018061324954032898
6,quadratic_deep,AlphaOptimized,1,32,6,cpu,0.003045409917831421
7,quadratic_deep,AlphaOptimized,1,32,7,cpu,0.0029048025608062744
8,quadratic_deep,AlphaOptimized,1,32,8,cpu,0.004890777170658112
9,quadratic_deep,AlphaOptimized,1,32,9,cpu,0.0036088451743125916
10,quadratic_deep,BatchGradHistogram1d,1,32,0,cpu,0.0015808939933776855
11,quadratic_deep,BatchGradHistogram1d,1,32,1,cpu,0.0015988349914550781
12,quadratic_deep,BatchGradHistogram1d,1,32,2,cpu,0.0024649575352668762
13,quadratic_deep,BatchGradHistogram1d,1,32,3,cpu,0.0018350407481193542
14,quadratic_deep,BatchGradHistogram1d,1,32,4,cpu,0.0030181854963302612
15,quadratic_deep,BatchGradHistogram1d,1,32,5,cpu,0.002570338547229767
16,quadratic_deep,BatchGradHistogram1d,1,32,6,cpu,0.0027673766016960144
17,quadratic_deep,BatchGradHistogram1d,1,32,7,cpu,0.0024876967072486877
18,quadratic_deep,BatchGradHistogram1d,1,32,8,cpu,0.002956785261631012
19,quadratic_deep,BatchGradHistogram1d,1,32,9,cpu,0.003022409975528717
20,quadratic_deep,Distance,1,32,0,cpu,0.0023599639534950256
21,quadratic_deep,Distance,1,32,1,cpu,0.0012183859944343567
22,quadratic_deep,Distance,1,32,2,cpu,0.0012010782957077026
23,quadratic_deep,Distance,1,32,3,cpu,0.0014423951506614685
24,quadratic_deep,Distance,1,32,4,cpu,0.001967489719390869
25,quadratic_deep,Distance,1,32,5,cpu,0.0013777390122413635
26,quadratic_deep,Distance,1,32,6,cpu,0.001266293227672577
27,quadratic_deep,Distance,1,32,7,cpu,0.002650253474712372
28,quadratic_deep,Distance,1,32,8,cpu,0.0023716390132904053
29,quadratic_deep,Distance,1,32,9,cpu,0.0029550939798355103
30,quadratic_deep,GradNorm,1,32,0,cpu,0.001836724579334259
31,quadratic_deep,GradNorm,1,32,1,cpu,0.0025183111429214478
32,quadratic_deep,GradNorm,1,32,2,cpu,0.0011807754635810852
33,quadratic_deep,GradNorm,1,32,3,cpu,0.0011920928955078125
34,quadratic_deep,GradNorm,1,32,4,cpu,0.00258462131023407
35,quadratic_deep,GradNorm,1,32,5,cpu,0.0013611018657684326
36,quadratic_deep,GradNorm,1,32,6,cpu,0.002308167517185211
37,quadratic_deep,GradNorm,1,32,7,cpu,0.002784416079521179
38,quadratic_deep,GradNorm,1,32,8,cpu,0.002168223261833191
39,quadratic_deep,GradNorm,1,32,9,cpu,0.0023385733366012573
40,quadratic_deep,InnerProductTest,1,32,0,cpu,0.0027049407362937927
41,quadratic_deep,InnerProductTest,1,32,1,cpu,0.0026653707027435303
42,quadratic_deep,InnerProductTest,1,32,2,cpu,0.0017835497856140137
43,quadratic_deep,InnerProductTest,1,32,3,cpu,0.0031340569257736206
44,quadratic_deep,InnerProductTest,1,32,4,cpu,0.0025320276618003845
45,quadratic_deep,InnerProductTest,1,32,5,cpu,0.002646036446094513
46,quadratic_deep,InnerProductTest,1,32,6,cpu,0.0028102099895477295
47,quadratic_deep,InnerProductTest,1,32,7,cpu,0.0014520511031150818
48,quadratic_deep,InnerProductTest,1,32,8,cpu,0.0014554411172866821
49,quadratic_deep,InnerProductTest,1,32,9,cpu,0.001476675271987915
50,quadratic_deep,Loss,1,32,0,cpu,0.0011640414595603943
51,quadratic_deep,Loss,1,32,1,cpu,0.002508103847503662
52,quadratic_deep,Loss,1,32,2,cpu,0.002551138401031494
53,quadratic_deep,Loss,1,32,3,cpu,0.0014071911573410034
54,quadratic_deep,Loss,1,32,4,cpu,0.0012835413217544556
55,quadratic_deep,Loss,1,32,5,cpu,0.002444945275783539
56,quadratic_deep,Loss,1,32,6,cpu,0.0011867210268974304
57,quadratic_deep,Loss,1,32,7,cpu,0.0014435648918151855
58,quadratic_deep,Loss,1,32,8,cpu,0.0011639893054962158
59,quadratic_deep,Loss,1,32,9,cpu,0.0022903457283973694
60,quadratic_deep,NormTest,1,32,0,cpu,0.0026722699403762817
61,quadratic_deep,NormTest,1,32,1,cpu,0.0016467645764350891
62,quadratic_deep,NormTest,1,32,2,cpu,0.0026096999645233154
63,quadratic_deep,NormTest,1,32,3,cpu,0.001574791967868805
64,quadratic_deep,NormTest,1,32,4,cpu,0.0013758614659309387
65,quadratic_deep,NormTest,1,32,5,cpu,0.0026146546006202698
66,quadratic_deep,NormTest,1,32,6,cpu,0.002705715596675873
67,quadratic_deep,NormTest,1,32,7,cpu,0.0016847848892211914
68,quadratic_deep,NormTest,1,32,8,cpu,0.0016003698110580444
69,quadratic_deep,NormTest,1,32,9,cpu,0.0016163885593414307
70,quadratic_deep,OrthogonalityTest,1,32,0,cpu,0.0014697462320327759
71,quadratic_deep,OrthogonalityTest,1,32,1,cpu,0.002586960792541504
72,quadratic_deep,OrthogonalityTest,1,32,2,cpu,0.0014747008681297302
73,quadratic_deep,OrthogonalityTest,1,32,3,cpu,0.002717629075050354
74,quadratic_deep,OrthogonalityTest,1,32,4,cpu,0.0030913352966308594
75,quadratic_deep,OrthogonalityTest,1,32,5,cpu,0.002658568322658539
76,quadratic_deep,OrthogonalityTest,1,32,6,cpu,0.0014784112572669983
77,quadratic_deep,OrthogonalityTest,1,32,7,cpu,0.0017804354429244995
78,quadratic_deep,OrthogonalityTest,1,32,8,cpu,0.0029559582471847534
79,quadratic_deep,OrthogonalityTest,1,32,9,cpu,0.001425132155418396
80,quadratic_deep,TICDiag,1,32,0,cpu,0.005209252238273621
81,quadratic_deep,TICDiag,1,32,1,cpu,0.0052797868847846985
82,quadratic_deep,TICDiag,1,32,2,cpu,0.005927644670009613
83,quadratic_deep,TICDiag,1,32,3,cpu,0.005512729287147522
84,quadratic_deep,TICDiag,1,32,4,cpu,0.0063664838671684265
85,quadratic_deep,TICDiag,1,32,5,cpu,0.0058541372418403625
86,quadratic_deep,TICDiag,1,32,6,cpu,0.005920805037021637
87,quadratic_deep,TICDiag,1,32,7,cpu,0.005813665688037872
88,quadratic_deep,TICDiag,1,32,8,cpu,0.005281992256641388
89,quadratic_deep,TICDiag,1,32,9,cpu,0.004180997610092163
90,quadratic_deep,Trace,1,32,0,cpu,0.005373172461986542
91,quadratic_deep,Trace,1,32,1,cpu,0.004900626838207245
92,quadratic_deep,Trace,1,32,2,cpu,0.005141168832778931
93,quadratic_deep,Trace,1,32,3,cpu,0.005775876343250275
94,quadratic_deep,Trace,1,32,4,cpu,0.005121611058712006
95,quadratic_deep,Trace,1,32,5,cpu,0.0053405314683914185
96,quadratic_deep,Trace,1,32,6,cpu,0.005388170480728149
97,quadratic_deep,Trace,1,32,7,cpu,0.0058405399322509766
98,quadratic_deep,Trace,1,32,8,cpu,0.004921026527881622
99,quadratic_deep,Trace,1,32,9,cpu,0.004042625427246094
100,quadratic_deep,MaxEV,1,32,0,cpu,0.00828561931848526
101,quadratic_deep,MaxEV,1,32,1,cpu,0.007254019379615784
102,quadratic_deep,MaxEV,1,32,2,cpu,0.008153341710567474
103,quadratic_deep,MaxEV,1,32,3,cpu,0.006883405148983002
104,quadratic_deep,MaxEV,1,32,4,cpu,0.007823668420314789
105,quadratic_deep,MaxEV,1,32,5,cpu,0.008027486503124237
106,quadratic_deep,MaxEV,1,32,6,cpu,0.007833875715732574
107,quadratic_deep,MaxEV,1,32,7,cpu,0.00817514955997467
108,quadratic_deep,MaxEV,1,32,8,cpu,0.008329629898071289
109,quadratic_deep,MaxEV,1,32,9,cpu,0.006902635097503662
110,quadratic_deep,BatchGradHistogram2d,1,32,0,cpu,0.01111157238483429
111,quadratic_deep,BatchGradHistogram2d,1,32,1,cpu,0.011459290981292725
112,quadratic_deep,BatchGradHistogram2d,1,32,2,cpu,0.010870084166526794
113,quadratic_deep,BatchGradHistogram2d,1,32,3,cpu,0.010814599692821503
114,quadratic_deep,BatchGradHistogram2d,1,32,4,cpu,0.011305637657642365
115,quadratic_deep,BatchGradHistogram2d,1,32,5,cpu,0.011325135827064514
116,quadratic_deep,BatchGradHistogram2d,1,32,6,cpu,0.011452995240688324
117,quadratic_deep,BatchGradHistogram2d,1,32,7,cpu,0.01141899824142456
118,quadratic_deep,BatchGradHistogram2d,1,32,8,cpu,0.011001519858837128
119,quadratic_deep,BatchGradHistogram2d,1,32,9,cpu,0.011351406574249268
120,quadratic_deep,baseline,1,32,0,cpu,0.0011729821562767029
121,quadratic_deep,baseline,1,32,1,cpu,0.0011531934142112732
122,quadratic_deep,baseline,1,32,2,cpu,0.0014481991529464722
123,quadratic_deep,baseline,1,32,3,cpu,0.002560228109359741
124,quadratic_deep,baseline,1,32,4,cpu,0.0014635995030403137
125,quadratic_deep,baseline,1,32,5,cpu,0.002548813819885254
126,quadratic_deep,baseline,1,32,6,cpu,0.002621486783027649
127,quadratic_deep,baseline,1,32,7,cpu,0.002362564206123352
128,quadratic_deep,baseline,1,32,8,cpu,0.0021858885884284973
129,quadratic_deep,baseline,1,32,9,cpu,0.002373017370700836
130,quadratic_deep,economy,1,32,0,cpu,0.0023584067821502686
131,quadratic_deep,economy,1,32,1,cpu,0.0037827715277671814
132,quadratic_deep,economy,1,32,2,cpu,0.0036169737577438354
133,quadratic_deep,economy,1,32,3,cpu,0.0036371052265167236
134,quadratic_deep,economy,1,32,4,cpu,0.0035279393196105957
135,quadratic_deep,economy,1,32,5,cpu,0.004734449088573456
136,quadratic_deep,economy,1,32,6,cpu,0.002399049699306488
137,quadratic_deep,economy,1,32,7,cpu,0.003946349024772644
138,quadratic_deep,economy,1,32,8,cpu,0.004285469651222229
139,quadratic_deep,economy,1,32,9,cpu,0.0027898699045181274
140,quadratic_deep,business,1,32,0,cpu,0.009049028158187866
141,quadratic_deep,business,1,32,1,cpu,0.008951090276241302
142,quadratic_deep,business,1,32,2,cpu,0.008779190480709076
143,quadratic_deep,business,1,32,3,cpu,0.00898798555135727
144,quadratic_deep,business,1,32,4,cpu,0.007689937949180603
145,quadratic_deep,business,1,32,5,cpu,0.007718376815319061
146,quadratic_deep,business,1,32,6,cpu,0.009129643440246582
147,quadratic_deep,business,1,32,7,cpu,0.009048692882061005
148,quadratic_deep,business,1,32,8,cpu,0.007874079048633575
149,quadratic_deep,business,1,32,9,cpu,0.01057436317205429
150,quadratic_deep,full,1,32,0,cpu,0.028500691056251526
151,quadratic_deep,full,1,32,1,cpu,0.02652839571237564
152,quadratic_deep,full,1,32,2,cpu,0.027393095195293427
153,quadratic_deep,full,1,32,3,cpu,0.026568040251731873
154,quadratic_deep,full,1,32,4,cpu,0.026788875460624695
155,quadratic_deep,full,1,32,5,cpu,0.026927649974822998
156,quadratic_deep,full,1,32,6,cpu,0.027242332696914673
157,quadratic_deep,full,1,32,7,cpu,0.02951454371213913
158,quadratic_deep,full,1,32,8,cpu,0.027429640293121338
159,quadratic_deep,full,1,32,9,cpu,0.027042679488658905
