# {'commit': {'author_time': '2020-11-05T12:50:50+01:00',
#             'branch': 'exp01-benchmark',
#             'dirty': True,
#             'id': '5725fd47e65da3d085feecd5654e945bb810c3e4',
#             'project': 'backboard',
#             'time': '2020-11-05T12:50:50+01:00'},
#  'gpu': {'CUDA Version': '11.0', 'Product Name': 'GeForce RTX 2080 Ti'},
#  'machine': {'cpu': {'brand': 'unknown',
#                      'hardware': 'unknown',
#                      'vendor_id': 'unknown'},
#              'machine': 'x86_64',
#              'processor': 'x86_64',
#              'python_build': ('default', 'Jan  8 2020 19:59:22'),
#              'python_compiler': 'GCC 7.3.0',
#              'python_implementation': 'CPython',
#              'python_implementation_version': '3.7.6',
#              'python_version': '3.7.6',
#              'release': '5.4.0-52-generic',
#              'system': 'Linux'}}
,testproblem,quantities,track_interval,steps,random_seed,device,time_per_step
0,quadratic_deep,AlphaOptimized,1,32,0,cuda,0.0031143203377723694
1,quadratic_deep,AlphaOptimized,1,32,1,cuda,0.0030263587832450867
2,quadratic_deep,AlphaOptimized,1,32,2,cuda,0.0028910860419273376
3,quadratic_deep,AlphaOptimized,1,32,3,cuda,0.003050006926059723
4,quadratic_deep,AlphaOptimized,1,32,4,cuda,0.0028557106852531433
5,quadratic_deep,AlphaOptimized,1,32,5,cuda,0.0028530433773994446
6,quadratic_deep,AlphaOptimized,1,32,6,cuda,0.002936333417892456
7,quadratic_deep,AlphaOptimized,1,32,7,cuda,0.00394061952829361
8,quadratic_deep,AlphaOptimized,1,32,8,cuda,0.002949140965938568
9,quadratic_deep,AlphaOptimized,1,32,9,cuda,0.0030015259981155396
10,quadratic_deep,BatchGradHistogram1d,1,32,0,cuda,0.002317383885383606
11,quadratic_deep,BatchGradHistogram1d,1,32,1,cuda,0.00190078467130661
12,quadratic_deep,BatchGradHistogram1d,1,32,2,cuda,0.00191584974527359
13,quadratic_deep,BatchGradHistogram1d,1,32,3,cuda,0.0019005835056304932
14,quadratic_deep,BatchGradHistogram1d,1,32,4,cuda,0.0018949881196022034
15,quadratic_deep,BatchGradHistogram1d,1,32,5,cuda,0.0019083023071289062
16,quadratic_deep,BatchGradHistogram1d,1,32,6,cuda,0.0019170567393302917
17,quadratic_deep,BatchGradHistogram1d,1,32,7,cuda,0.0019158124923706055
18,quadratic_deep,BatchGradHistogram1d,1,32,8,cuda,0.0019221901893615723
19,quadratic_deep,BatchGradHistogram1d,1,32,9,cuda,0.0019258856773376465
20,quadratic_deep,Distance,1,32,0,cuda,0.0021953731775283813
21,quadratic_deep,Distance,1,32,1,cuda,0.0017439424991607666
22,quadratic_deep,Distance,1,32,2,cuda,0.00176345556974411
23,quadratic_deep,Distance,1,32,3,cuda,0.001810811460018158
24,quadratic_deep,Distance,1,32,4,cuda,0.0018206983804702759
25,quadratic_deep,Distance,1,32,5,cuda,0.0017666667699813843
26,quadratic_deep,Distance,1,32,6,cuda,0.0014894753694534302
27,quadratic_deep,Distance,1,32,7,cuda,0.001837901771068573
28,quadratic_deep,Distance,1,32,8,cuda,0.001560904085636139
29,quadratic_deep,Distance,1,32,9,cuda,0.0018767714500427246
30,quadratic_deep,GradNorm,1,32,0,cuda,0.0018817409873008728
31,quadratic_deep,GradNorm,1,32,1,cuda,0.0022014975547790527
32,quadratic_deep,GradNorm,1,32,2,cuda,0.002096891403198242
33,quadratic_deep,GradNorm,1,32,3,cuda,0.0017566904425621033
34,quadratic_deep,GradNorm,1,32,4,cuda,0.0018284618854522705
35,quadratic_deep,GradNorm,1,32,5,cuda,0.001842990517616272
36,quadratic_deep,GradNorm,1,32,6,cuda,0.0018716230988502502
37,quadratic_deep,GradNorm,1,32,7,cuda,0.0019244253635406494
38,quadratic_deep,GradNorm,1,32,8,cuda,0.0018469765782356262
39,quadratic_deep,GradNorm,1,32,9,cuda,0.0018656104803085327
40,quadratic_deep,InnerProductTest,1,32,0,cuda,0.0022269785404205322
41,quadratic_deep,InnerProductTest,1,32,1,cuda,0.001982584595680237
42,quadratic_deep,InnerProductTest,1,32,2,cuda,0.0023345649242401123
43,quadratic_deep,InnerProductTest,1,32,3,cuda,0.002540193498134613
44,quadratic_deep,InnerProductTest,1,32,4,cuda,0.0026198625564575195
45,quadratic_deep,InnerProductTest,1,32,5,cuda,0.0025478824973106384
46,quadratic_deep,InnerProductTest,1,32,6,cuda,0.0025465860962867737
47,quadratic_deep,InnerProductTest,1,32,7,cuda,0.0025874897837638855
48,quadratic_deep,InnerProductTest,1,32,8,cuda,0.0020767003297805786
49,quadratic_deep,InnerProductTest,1,32,9,cuda,0.0020784661173820496
50,quadratic_deep,Loss,1,32,0,cuda,0.0016700923442840576
51,quadratic_deep,Loss,1,32,1,cuda,0.001672118902206421
52,quadratic_deep,Loss,1,32,2,cuda,0.0016416162252426147
53,quadratic_deep,Loss,1,32,3,cuda,0.0022570863366127014
54,quadratic_deep,Loss,1,32,4,cuda,0.0018245428800582886
55,quadratic_deep,Loss,1,32,5,cuda,0.0018411427736282349
56,quadratic_deep,Loss,1,32,6,cuda,0.0018399208784103394
57,quadratic_deep,Loss,1,32,7,cuda,0.0019250661134719849
58,quadratic_deep,Loss,1,32,8,cuda,0.002198629081249237
59,quadratic_deep,Loss,1,32,9,cuda,0.002202332019805908
60,quadratic_deep,NormTest,1,32,0,cuda,0.0025007277727127075
61,quadratic_deep,NormTest,1,32,1,cuda,0.0024474486708641052
62,quadratic_deep,NormTest,1,32,2,cuda,0.0024950355291366577
63,quadratic_deep,NormTest,1,32,3,cuda,0.0024921968579292297
64,quadratic_deep,NormTest,1,32,4,cuda,0.0023756325244903564
65,quadratic_deep,NormTest,1,32,5,cuda,0.0023902207612991333
66,quadratic_deep,NormTest,1,32,6,cuda,0.0027399063110351562
67,quadratic_deep,NormTest,1,32,7,cuda,0.002250358462333679
68,quadratic_deep,NormTest,1,32,8,cuda,0.0024886280298233032
69,quadratic_deep,NormTest,1,32,9,cuda,0.0023313388228416443
70,quadratic_deep,OrthogonalityTest,1,32,0,cuda,0.0024290457367897034
71,quadratic_deep,OrthogonalityTest,1,32,1,cuda,0.002517223358154297
72,quadratic_deep,OrthogonalityTest,1,32,2,cuda,0.0024099349975585938
73,quadratic_deep,OrthogonalityTest,1,32,3,cuda,0.0025293827056884766
74,quadratic_deep,OrthogonalityTest,1,32,4,cuda,0.002593621611595154
75,quadratic_deep,OrthogonalityTest,1,32,5,cuda,0.0026075541973114014
76,quadratic_deep,OrthogonalityTest,1,32,6,cuda,0.0025813430547714233
77,quadratic_deep,OrthogonalityTest,1,32,7,cuda,0.0025773420929908752
78,quadratic_deep,OrthogonalityTest,1,32,8,cuda,0.002570204436779022
79,quadratic_deep,OrthogonalityTest,1,32,9,cuda,0.002579212188720703
80,quadratic_deep,TICDiag,1,32,0,cuda,0.0028541237115859985
81,quadratic_deep,TICDiag,1,32,1,cuda,0.002564273774623871
82,quadratic_deep,TICDiag,1,32,2,cuda,0.0027113407850265503
83,quadratic_deep,TICDiag,1,32,3,cuda,0.002367578446865082
84,quadratic_deep,TICDiag,1,32,4,cuda,0.0032544732093811035
85,quadratic_deep,TICDiag,1,32,5,cuda,0.0027361661195755005
86,quadratic_deep,TICDiag,1,32,6,cuda,0.002394065260887146
87,quadratic_deep,TICDiag,1,32,7,cuda,0.0030111297965049744
88,quadratic_deep,TICDiag,1,32,8,cuda,0.002420574426651001
89,quadratic_deep,TICDiag,1,32,9,cuda,0.002106614410877228
90,quadratic_deep,Trace,1,32,0,cuda,0.0023525208234786987
91,quadratic_deep,Trace,1,32,1,cuda,0.0022262781858444214
92,quadratic_deep,Trace,1,32,2,cuda,0.0019110888242721558
93,quadratic_deep,Trace,1,32,3,cuda,0.0027041807770729065
94,quadratic_deep,Trace,1,32,4,cuda,0.0027631744742393494
95,quadratic_deep,Trace,1,32,5,cuda,0.002315141260623932
96,quadratic_deep,Trace,1,32,6,cuda,0.0025042742490768433
97,quadratic_deep,Trace,1,32,7,cuda,0.002342820167541504
98,quadratic_deep,Trace,1,32,8,cuda,0.00240277498960495
99,quadratic_deep,Trace,1,32,9,cuda,0.002212420105934143
100,quadratic_deep,MaxEV,1,32,0,cuda,0.012008115649223328
101,quadratic_deep,MaxEV,1,32,1,cuda,0.01263793557882309
102,quadratic_deep,MaxEV,1,32,2,cuda,0.01200973242521286
103,quadratic_deep,MaxEV,1,32,3,cuda,0.012071788311004639
104,quadratic_deep,MaxEV,1,32,4,cuda,0.01210758090019226
105,quadratic_deep,MaxEV,1,32,5,cuda,0.011892259120941162
106,quadratic_deep,MaxEV,1,32,6,cuda,0.012072093784809113
107,quadratic_deep,MaxEV,1,32,7,cuda,0.012354999780654907
108,quadratic_deep,MaxEV,1,32,8,cuda,0.011670313775539398
109,quadratic_deep,MaxEV,1,32,9,cuda,0.012595288455486298
110,quadratic_deep,BatchGradHistogram2d,1,32,0,cuda,0.028780780732631683
111,quadratic_deep,BatchGradHistogram2d,1,32,1,cuda,0.028834976255893707
112,quadratic_deep,BatchGradHistogram2d,1,32,2,cuda,0.029022835195064545
113,quadratic_deep,BatchGradHistogram2d,1,32,3,cuda,0.029027484357357025
114,quadratic_deep,BatchGradHistogram2d,1,32,4,cuda,0.02886861562728882
115,quadratic_deep,BatchGradHistogram2d,1,32,5,cuda,0.02878446877002716
116,quadratic_deep,BatchGradHistogram2d,1,32,6,cuda,0.028780676424503326
117,quadratic_deep,BatchGradHistogram2d,1,32,7,cuda,0.028776273131370544
118,quadratic_deep,BatchGradHistogram2d,1,32,8,cuda,0.02881336212158203
119,quadratic_deep,BatchGradHistogram2d,1,32,9,cuda,0.028910331428050995
120,quadratic_deep,baseline,1,32,0,cuda,0.0022761374711990356
121,quadratic_deep,baseline,1,32,1,cuda,0.0021797344088554382
122,quadratic_deep,baseline,1,32,2,cuda,0.00217311829328537
123,quadratic_deep,baseline,1,32,3,cuda,0.002174772322177887
124,quadratic_deep,baseline,1,32,4,cuda,0.0021843016147613525
125,quadratic_deep,baseline,1,32,5,cuda,0.0021982938051223755
126,quadratic_deep,baseline,1,32,6,cuda,0.002178475260734558
127,quadratic_deep,baseline,1,32,7,cuda,0.0021703019738197327
128,quadratic_deep,baseline,1,32,8,cuda,0.0017155632376670837
129,quadratic_deep,baseline,1,32,9,cuda,0.001864112913608551
130,quadratic_deep,economy,1,32,0,cuda,0.00376717746257782
131,quadratic_deep,economy,1,32,1,cuda,0.003709070384502411
132,quadratic_deep,economy,1,32,2,cuda,0.003706887364387512
133,quadratic_deep,economy,1,32,3,cuda,0.0037739500403404236
134,quadratic_deep,economy,1,32,4,cuda,0.0034596845507621765
135,quadratic_deep,economy,1,32,5,cuda,0.0037272050976753235
136,quadratic_deep,economy,1,32,6,cuda,0.0035431906580924988
137,quadratic_deep,economy,1,32,7,cuda,0.0037086084485054016
138,quadratic_deep,economy,1,32,8,cuda,0.0035807043313980103
139,quadratic_deep,economy,1,32,9,cuda,0.0036844611167907715
140,quadratic_deep,business,1,32,0,cuda,0.004434250295162201
141,quadratic_deep,business,1,32,1,cuda,0.0043785423040390015
142,quadratic_deep,business,1,32,2,cuda,0.004728265106678009
143,quadratic_deep,business,1,32,3,cuda,0.004411235451698303
144,quadratic_deep,business,1,32,4,cuda,0.004765890538692474
145,quadratic_deep,business,1,32,5,cuda,0.003984585404396057
146,quadratic_deep,business,1,32,6,cuda,0.004176139831542969
147,quadratic_deep,business,1,32,7,cuda,0.004190385341644287
148,quadratic_deep,business,1,32,8,cuda,0.004219502210617065
149,quadratic_deep,business,1,32,9,cuda,0.004765965044498444
150,quadratic_deep,full,1,32,0,cuda,0.04507959634065628
151,quadratic_deep,full,1,32,1,cuda,0.04543677717447281
152,quadratic_deep,full,1,32,2,cuda,0.04462885111570358
153,quadratic_deep,full,1,32,3,cuda,0.0451054647564888
154,quadratic_deep,full,1,32,4,cuda,0.04462400823831558
155,quadratic_deep,full,1,32,5,cuda,0.04720661789178848
156,quadratic_deep,full,1,32,6,cuda,0.045310214161872864
157,quadratic_deep,full,1,32,7,cuda,0.044309139251708984
158,quadratic_deep,full,1,32,8,cuda,0.0445818156003952
159,quadratic_deep,full,1,32,9,cuda,0.04549432545900345
